crate_name,advisory_id,description,published_date,cvss_score,label
hyper,GHSA-5h46-h7hh-c6x9,,2021-07-12T16:55:37Z,,1
hyper,GHSA-f3pg-qwvg-p99c,,2021-07-12T16:54:20Z,,1
lettre,GHSA-qc36-q22q-cjw3,,2021-07-12T17:03:27Z,,1
tar,GHSA-2367-c296-3mp2,,2021-08-25T20:43:54Z,,1
rusqlite,GHSA-28ph-f7gx-fqj8,,2021-08-25T20:47:57Z,,1
insert_many,GHSA-29hg-r7c7-54fr,,2021-08-25T20:55:06Z,,1
parc,GHSA-29v7-3v4c-gf38,,2021-08-25T20:57:24Z,,1
sys-info,GHSA-2f5j-3mhq-xv58,,2021-08-25T20:58:15Z,,1
tokio,GHSA-2grh-hm3w-w7hv,,2021-08-25T20:55:51Z,,1
tokio,GHSA-2grh-hm3w-w7hv,,2021-08-25T20:55:51Z,,1
tokio,GHSA-2grh-hm3w-w7hv,,2021-08-25T20:55:51Z,,1
tokio,GHSA-2grh-hm3w-w7hv,,2021-08-25T20:55:51Z,,1
tokio-rustls,GHSA-2jfv-g3fh-xq3v,,2021-08-25T20:46:54Z,,1
tokio-rustls,GHSA-2jfv-g3fh-xq3v,,2021-08-25T20:46:54Z,,1
toolshed,GHSA-2r6q-6c8c-g762,,2021-08-25T20:58:03Z,,1
safe-transmute,GHSA-2v78-j59h-fmpf,,2021-08-25T20:43:23Z,,1
pyo3,GHSA-2vx6-fcw6-hpr6,,2021-08-25T20:49:52Z,,1
sodiumoxide,GHSA-2wc6-2rcj-8v76,,2021-08-25T21:00:41Z,,1
xcb,GHSA-2xpg-3hx4-fm9r,,2021-08-25T20:53:20Z,,1
arenavec,GHSA-327x-39hh-65wf,,2021-08-25T20:55:09Z,,1
xcb,GHSA-3288-cwgw-ch86,,2021-08-25T20:53:22Z,,1
ncurses,GHSA-32v7-ghpr-c8hg,,2021-08-25T20:58:47Z,,1
generic-array,GHSA-3358-4f7f-p4j4,,2021-08-25T20:56:12Z,,1
generic-array,GHSA-3358-4f7f-p4j4,,2021-08-25T20:56:12Z,,1
generic-array,GHSA-3358-4f7f-p4j4,,2021-08-25T20:56:12Z,,1
generic-array,GHSA-3358-4f7f-p4j4,,2021-08-25T20:56:12Z,,1
generic-array,GHSA-3358-4f7f-p4j4,,2021-08-25T20:56:12Z,,1
openssl,GHSA-34p9-f4q3-c4r7,,2021-08-25T20:43:11Z,,1
av-data,GHSA-352p-rhvq-7g78,,2021-08-25T20:52:55Z,,1
conqueue,GHSA-368f-29c3-4f2r,,2021-08-25T20:58:50Z,,1
trust-dns-proto,GHSA-369h-pjr2-6wrh,,2021-08-25T20:43:16Z,,1
signal-simple,GHSA-36cg-4jff-5863,,2021-08-25T20:59:13Z,,1
arr,GHSA-36xw-hgfv-jwm7,,2021-08-25T20:48:36Z,,1
cdr,GHSA-37jj-wp7g-7wj4,,2021-08-25T20:53:12Z,,1
v9,GHSA-3837-87vh-xq3w,,2021-08-25T20:57:07Z,,1
lucet-runtime-internals,GHSA-3933-wvjf-pcvc,,2021-08-25T20:46:16Z,,1
lucet-runtime-internals,GHSA-3933-wvjf-pcvc,,2021-08-25T20:46:16Z,,1
serde_yaml,GHSA-39vw-qp34-rmwf,,2021-08-25T21:00:18Z,,1
streebog,GHSA-39wr-f4ff-xm6p,,2021-08-25T20:46:41Z,,1
reffers,GHSA-39xg-8p43-h76x,,2021-08-25T20:51:40Z,,1
rusqlite,GHSA-3cgf-9m6x-pwwr,,2021-08-25T20:47:50Z,,1
xcb,GHSA-3cj3-jrrp-9rxf,,2021-08-25T20:53:18Z,,1
reorder,GHSA-3h87-v52r-p9rg,,2021-08-25T20:54:08Z,,1
va-ts,GHSA-3hj2-hh36-hv9v,,2021-08-25T20:51:56Z,,1
conquer-once,GHSA-3jc5-5hc5-33gj,,2021-08-25T20:50:49Z,,1
marc,GHSA-3mf3-2gv9-h39j,,2021-08-25T20:53:14Z,,1
cbox,GHSA-3vjm-36rr-7qrq,,2021-08-25T20:47:16Z,,1
alg_ds,GHSA-3vv3-frrq-6486,,2021-08-25T20:59:20Z,,1
nalgebra,GHSA-3w8g-xr3f-2mp8,,2021-08-25T20:55:49Z,,1
simple-slab,GHSA-438g-fx34-4h9m,,2021-08-25T20:48:38Z,,1
socket2,GHSA-458v-4hrf-g3m4,,2021-08-25T20:50:37Z,,1
net2,GHSA-458v-4hrf-g3m4,,2021-08-25T20:50:37Z,,1
ckb,GHSA-45p7-c959-rgcm,,2021-08-25T21:01:18Z,,1
ckb,GHSA-48vq-8jqv-gm6f,,2021-08-25T21:01:23Z,,1
string-interner,GHSA-49fq-pw77-6qxj,,2021-08-25T20:44:15Z,,1
string-interner,GHSA-49fq-pw77-6qxj,,2021-08-25T20:44:15Z,,1
trust-dns-server,GHSA-4cww-f7w5-x525,,2021-08-25T20:46:13Z,,1
futures-intrusive,GHSA-4hjg-cx88-g9f9,,2021-08-25T20:49:58Z,,1
libp2p-core,GHSA-4q4x-67hx-5mpg,,2021-08-25T20:44:08Z,,1
mozwire,GHSA-4vhw-4rw7-jfpv,,2021-08-25T20:49:02Z,,1
ordnung,GHSA-4wj3-p7hj-cvx8,,2021-08-25T20:48:47Z,,1
blake2,GHSA-4x25-pvhw-5224,,2021-08-25T20:44:20Z,,1
concread,GHSA-4xj5-vv9x-63jp,,2021-08-25T20:50:22Z,,1
ammonia,GHSA-5325-xw5m-phm3,,2021-08-25T20:55:56Z,,1
ammonia,GHSA-5325-xw5m-phm3,,2021-08-25T20:55:56Z,,1
ordered-float,GHSA-566x-hhrf-qf8m,,2021-08-25T20:50:30Z,,1
ordered-float,GHSA-566x-hhrf-qf8m,,2021-08-25T20:50:30Z,,1
ammonia,GHSA-5hp8-35wj-m525,,2021-08-25T20:44:03Z,,1
through,GHSA-5hpj-m323-cphm,,2021-08-25T20:54:12Z,,1
fltk,GHSA-5pg8-h4gv-m3p8,,2021-08-25T20:53:56Z,,1
tough,GHSA-5q2r-92f9-4m49,,2021-08-25T20:56:55Z,,1
chttp,GHSA-5rrv-m36h-qwf8,,2021-08-25T20:44:40Z,,1
lock_api,GHSA-5wg8-7c9q-794v,,2021-08-25T20:50:00Z,,1
git-delta,GHSA-5xg3-j2j6-rcx4,,2021-08-25T21:01:39Z,,1
tar,GHSA-62jx-8vmh-4mcw,,2021-08-25T20:58:23Z,,1
sized-chunks,GHSA-64gv-qg2v-vxv6,,2021-08-25T20:45:04Z,,1
try-mutex,GHSA-64j8-7gp2-xjx5,,2021-08-25T20:50:28Z,,1
smallvec,GHSA-66p5-j55p-32r9,,2021-08-25T21:00:25Z,,1
unicycle,GHSA-686f-ch3r-xwmh,,2021-08-25T20:58:17Z,,1
rcu_cell,GHSA-686h-j8r8-wmfm,,2021-08-25T20:57:14Z,,1
arrayfire,GHSA-69fv-gw6g-8ccg,,2021-08-25T20:43:26Z,,1
smallvec,GHSA-69gw-hgj3-45m7,,2021-08-25T20:43:58Z,,1
eventio,GHSA-69vj-xx27-g45w,,2021-08-25T20:51:49Z,,1
generator,GHSA-6c65-xcf5-299x,,2021-08-25T20:58:25Z,,1
libpulse-binding,GHSA-6gvc-4jvj-pwq4,,2021-08-30T16:22:34Z,,1
hyper,GHSA-6hfq-h8hq-87mf,,2021-08-25T20:56:18Z,,1
hyper,GHSA-6hfq-h8hq-87mf,,2021-08-25T20:56:18Z,,1
hyper,GHSA-6hfq-h8hq-87mf,,2021-08-25T20:56:18Z,,1
rusqlite,GHSA-6q5w-m3c5-rv95,,2021-08-25T20:47:59Z,,1
http,GHSA-6rhx-hqxm-8p36,,2021-08-25T20:46:44Z,,1
outer_cgi,GHSA-6vmq-jh76-hq43,,2021-08-25T20:55:25Z,,1
comrak,GHSA-6wj2-g87r-pm62,,2021-08-25T20:55:43Z,,1
array-tools,GHSA-6wp2-fw3v-mfmc,,2021-08-25T20:57:19Z,,1
array-queue,GHSA-75cq-g75g-rxff,,2021-08-25T21:00:43Z,,1
evm-core,GHSA-773q-5334-5gf9,,2021-08-25T20:55:36Z,,1
evm-core,GHSA-773q-5334-5gf9,,2021-08-25T20:55:36Z,,1
evm-core,GHSA-773q-5334-5gf9,,2021-08-25T20:55:36Z,,1
evm-core,GHSA-773q-5334-5gf9,,2021-08-25T20:55:36Z,,1
evm-core,GHSA-773q-5334-5gf9,,2021-08-25T20:55:36Z,,1
ticketed_lock,GHSA-77m6-x95j-75r5,,2021-08-25T20:58:58Z,,1
better-macro,GHSA-79wf-qcqv-r22r,,2021-08-25T20:56:00Z,,1
bitvec,GHSA-7cjc-hvxf-gqh7,,2021-08-25T20:47:39Z,,1
libsecp256k1-rs,GHSA-7cqg-8449-rmfv,,2021-08-25T21:01:27Z,,1
compact_arena,GHSA-7j36-gc4r-9x3r,,2021-08-25T20:44:48Z,,1
once_cell,GHSA-7j44-fv4x-79g9,,2021-08-25T20:44:18Z,,1
unicycle,GHSA-7mg7-m5c3-3hqj,,2021-08-25T21:00:39Z,,1
fltk,GHSA-7qcc-g2m9-8533,,2021-08-25T20:53:53Z,,1
tiny_http,GHSA-7v2r-wxmg-mgvc,,2021-08-25T20:48:56Z,,1
molecule,GHSA-82hm-vh7g-hrh9,,2021-08-25T21:01:25Z,,1
openssl-src,GHSA-83mx-573x-5rw9,,2021-08-25T20:54:02Z,,1
slock,GHSA-83r8-p8v6-6gfm,,2021-08-25T21:00:20Z,,1
openssl-src,GHSA-84rm-qf37-fgc2,,2021-08-25T20:52:21Z,,1
obstack,GHSA-85j6-f8j6-q26x,,2021-08-25T20:48:12Z,,1
signal-simple,GHSA-8892-84wf-cg8f,,2021-08-25T21:00:16Z,,1
actix-http,GHSA-8928-2fgm-6x9x,,2021-08-25T20:58:21Z,,1
claxon,GHSA-8c6g-4xc5-w96c,,2021-08-25T20:43:52Z,,1
claxon,GHSA-8c6g-4xc5-w96c,,2021-08-25T20:43:52Z,,1
byte_struct,GHSA-8fgg-5v78-6g76,,2021-08-25T20:52:03Z,,1
atomic-option,GHSA-8gf5-q9p9-wvmc,,2021-08-25T20:51:42Z,,1
id-map,GHSA-8gmx-cpcg-f8h5,,2021-08-25T20:55:11Z,,1
rusqlite,GHSA-8h4j-vm3r-vcq3,,2021-08-25T20:47:48Z,,1
openssl-src,GHSA-8hfj-xrj2-pm22,,2021-08-25T20:54:00Z,,1
rocket,GHSA-8q2v-67v7-6vc6,,2021-08-25T20:48:07Z,,1
toolshed,GHSA-8q5c-93vg-c747,,2021-08-25T21:00:30Z,,1
model,GHSA-8q64-wrfr-q48c,,2021-08-25T20:59:24Z,,1
rusqlite,GHSA-8r7q-r9mx-35rh,,2021-08-25T20:47:18Z,,1
rio,GHSA-8rc5-mr4f-m243,,2021-08-25T20:46:57Z,,1
fake-static,GHSA-8xw8-mmqv-frqq,,2021-08-25T20:55:33Z,,1
arenavec,GHSA-955p-rc5h-hg6h,,2021-08-25T20:55:04Z,,1
yottadb,GHSA-9658-c26v-7qvf,,2021-08-25T20:55:30Z,,1
internment,GHSA-96w3-p368-4h8c,,2021-08-25T20:46:51Z,,1
atom,GHSA-9cg2-2j2h-59v9,,2021-08-25T20:49:11Z,,1
ms3d,GHSA-9f5r-vqm5-m342,,2021-08-25T20:53:16Z,,1
stackvector,GHSA-9frf-r7c7-j2vg,,2021-08-25T20:54:14Z,,1
async-coap,GHSA-9j8q-m9x5-9g6j,,2021-08-25T20:59:11Z,,1
rusb,GHSA-9mxw-4856-9cm5,,2021-08-25T20:50:51Z,,1
sized-chunks,GHSA-9p9m-9xww-qjcx,,2021-08-25T20:45:06Z,,1
lever,GHSA-9pp4-8p8v-g78w,,2021-08-25T20:57:26Z,,1
image,GHSA-9wgh-vjj7-7433,,2021-08-25T20:49:54Z,,1
hyper,GHSA-9xjr-m6f3-v5wm,,2021-08-25T20:43:06Z,,1
crossbeam,GHSA-c3cw-c387-pj65,,2021-08-25T20:43:21Z,,1
slice-deque,GHSA-c3m3-c39q-pv23,,2021-08-25T20:44:10Z,,1
arr,GHSA-c7fw-cr3w-wvfc,,2021-08-25T20:49:04Z,,1
xcb,GHSA-c8hq-x4mm-p6q6,,2021-08-25T20:50:54Z,,1
flatbuffers,GHSA-c9h5-hf8r-m97x,,2021-08-25T20:47:36Z,,1
branca,GHSA-c9rv-3jmq-527w,,2021-08-25T20:49:50Z,,1
autorand,GHSA-cgmg-2v6m-fjg7,,2021-08-25T20:50:41Z,,1
containers,GHSA-cv7x-6rc6-pq5v,,2021-08-25T20:53:05Z,,1
glsl-layout,GHSA-cx4j-fxr7-jxg8,,2021-08-25T20:53:01Z,,1
pleaser,GHSA-f3fg-5j9p-vchc,,2021-08-25T21:01:41Z,,1
cgc,GHSA-f3mq-99jr-ww4r,,2021-08-25T20:56:16Z,,1
libsbc,GHSA-f6g6-54hm-fhxv,,2021-08-25T20:59:02Z,,1
lexer,GHSA-f997-8gxg-r354,,2021-08-25T20:58:09Z,,1
cgc,GHSA-f9xr-3m55-5q2v,,2021-08-25T20:56:14Z,,1
tiny_future,GHSA-fg42-vwxx-xx5j,,2021-08-25T20:58:53Z,,1
quinn,GHSA-fhv4-fx3v-77w6,,2021-08-25T20:52:05Z,,1
quinn,GHSA-fhv4-fx3v-77w6,,2021-08-25T20:52:05Z,,1
postscript,GHSA-fhvc-gp6c-h2wx,,2021-08-25T20:52:23Z,,1
arr,GHSA-fhvj-7f9p-w788,,2021-08-25T20:48:54Z,,1
basic_dsp_matrix,GHSA-fjr6-hm39-4cf9,,2021-08-25T20:52:50Z,,1
sized-chunks,GHSA-fqpx-cq8x-9wp4,,2021-08-25T20:46:03Z,,1
ruspiro-singleton,GHSA-fqq2-xp7m-xvm8,,2021-08-25T20:58:19Z,,1
appendix,GHSA-fvhr-7j8m-3cvc,,2021-08-25T20:57:02Z,,1
aovec,GHSA-g489-xrw3-3v8w,,2021-08-25T20:50:46Z,,1
rgb,GHSA-g4rw-8m5q-6453,,2021-08-25T20:45:12Z,,1
libsecp256k1,GHSA-g4vj-x7v9-h82m,,2021-08-25T20:56:03Z,,1
rusqlite,GHSA-g4w7-3qr8-5623,,2021-08-25T20:47:01Z,,1
ripgrep,GHSA-g4xg-fxmg-vcg5,,2021-08-05T19:31:55Z,,1
grep-cli,GHSA-g4xg-fxmg-vcg5,,2021-08-05T19:31:55Z,,1
cache,GHSA-g78p-g85h-q6ww,,2021-08-25T20:57:12Z,,1
ncurses,GHSA-g7r5-x7cr-vm3v,,2021-08-25T20:58:29Z,,1
kekbit,GHSA-g83m-67wh-whpw,,2021-08-25T20:57:10Z,,1
streebog,GHSA-gf93-h79q-6jjv,,2021-08-25T20:45:41Z,,1
orion,GHSA-gffv-5hr2-f9gj,,2021-08-25T20:43:18Z,,1
cache,GHSA-gh87-6jr3-8q47,,2021-08-25T20:52:57Z,,1
libpulse-binding,GHSA-ghpq-vjxw-ch5w,,2021-08-25T20:56:52Z,,1
lock_api,GHSA-gmv4-vmx3-x9f3,,2021-08-25T20:49:37Z,,1
internment,GHSA-gppw-3h6h-v6q2,,2021-08-25T20:52:08Z,,1
ticketed_lock,GHSA-gq4h-f254-7cw9,,2021-08-25T21:00:34Z,,1
prost,GHSA-gv73-9mwv-fwgq,,2021-08-25T20:46:11Z,,1
libp2p-deflate,GHSA-gvcp-948f-8f2p,,2021-08-25T20:59:04Z,,1
scottqueue,GHSA-gvvv-w559-2hg6,,2021-08-25T20:57:17Z,,1
simd-json,GHSA-gwfj-pw2x-h6c2,,2021-08-25T20:43:56Z,,1
mdBook,GHSA-gx5w-rrhp-f436,,2021-08-25T20:56:20Z,,1
flatbuffers,GHSA-gx73-2498-r55c,,2021-08-25T20:46:49Z,,1
nalgebra,GHSA-h3mf-4fwp-59c7,,2021-08-05T19:58:06Z,,1
hyper,GHSA-h3qr-rq2j-74w4,,2021-08-25T20:46:08Z,,1
stack,GHSA-h45v-vgvp-3h5v,,2021-08-25T20:49:13Z,,1
generator,GHSA-h6gg-fvf5-qgwf,,2021-08-25T20:55:41Z,,1
multihash,GHSA-h7qh-3h6f-w79p,,2021-08-25T20:49:41Z,,1
anymap,GHSA-hc92-9h3m-c39j,,2021-08-25T20:55:45Z,,1
actix-utils,GHSA-hhw2-pqhf-vmx2,,2021-08-25T20:49:09Z,,1
lock_api,GHSA-hj9h-wrgg-hgmx,,2021-08-25T20:50:02Z,,1
telemetry,GHSA-hpcx-3pw8-g3j2,,2021-08-25T20:54:22Z,,1
cranelift-codegen,GHSA-hpqh-2wqx-7qp5,,2021-08-25T21:01:55Z,,1
simple-slab,GHSA-hqc8-j86x-2764,,2021-08-25T20:48:33Z,,1
slice-deque,GHSA-hr3c-6mmp-6m39,,2021-08-25T20:42:57Z,,1
libsecp256k1,GHSA-hrjm-c879-pp86,,2021-08-25T20:46:46Z,,1
spin,GHSA-hv7x-f3pv-gpwr,,2021-08-25T20:44:46Z,,1
yaml-rust,GHSA-hv87-47h9-jcvq,,2021-08-25T20:43:13Z,,1
raw-cpuid,GHSA-hvqc-pc78-x9wh,,2021-08-25T20:53:10Z,,1
dces,GHSA-hxw9-jxqw-jc8j,,2021-08-25T20:58:05Z,,1
chacha20,GHSA-j2r6-2m5c-vgh5,,2021-08-25T20:45:20Z,,1
thex,GHSA-j42v-6wpm-r847,,2021-08-25T20:50:26Z,,1
linea,GHSA-j52m-489x-v634,,2021-08-25T20:44:13Z,,1
traitobject,GHSA-j79j-cx3h-g27h,,2021-08-25T20:48:02Z,,1
bra,GHSA-j8qq-58cr-8cc7,,2021-08-25T20:52:53Z,,1
multiqueue,GHSA-jf43-3v8j-qwwr,,2021-08-25T20:59:56Z,,1
rcu_cell,GHSA-jh2g-xhqq-x4w9,,2021-08-25T21:00:07Z,,1
algorithmica,GHSA-jh37-772x-4hpw,,2021-08-25T21:01:52Z,,1
iced-x86,GHSA-jjx5-3f36-6927,,2021-08-25T20:55:47Z,,1
multiqueue2,GHSA-jphw-p3m6-pj3c,,2021-08-25T20:51:54Z,,1
reorder,GHSA-jpwg-6gf5-5vh9,,2021-08-25T20:54:10Z,,1
openssl-src,GHSA-jq65-29v4-4x35,,2021-08-25T20:45:15Z,,1
security-framework,GHSA-jqqr-c2r2-9cvr,,2021-08-25T20:42:59Z,,1
miow,GHSA-jrcf-4jp8-m28v,,2021-08-25T20:50:35Z,,1
raw-cpuid,GHSA-jrf8-cmgg-gv2m,,2021-08-25T20:53:07Z,,1
bunch,GHSA-jwph-qp5h-f9wj,,2021-08-25T20:59:18Z,,1
tiny_future,GHSA-m296-j53x-xv95,,2021-08-25T21:00:32Z,,1
image,GHSA-m2pf-hprp-3vqm,,2021-08-25T20:44:43Z,,1
ozone,GHSA-m3ww-7hrp-gw9w,,2021-08-25T20:47:41Z,,1
pancurses,GHSA-m57c-4vvx-gjgq,,2021-08-25T20:58:27Z,,1
beef,GHSA-m7w4-8wp8-m2xq,,2021-08-25T20:59:08Z,,1
crayon,GHSA-m833-jv95-mfjh,,2021-08-25T20:48:50Z,,1
crossbeam-channel,GHSA-m8h8-v6jh-c762,,2021-08-25T20:49:43Z,,1
nanorand,GHSA-m9m5-cg5h-r582,,2021-08-25T20:50:24Z,,1
slock,GHSA-mc36-5m36-hjh5,,2021-08-25T20:58:00Z,,1
rmpv,GHSA-mcrf-7hf9-f6q5,,2021-08-25T21:00:09Z,,1
noise_search,GHSA-mgg8-9pvp-6qcw,,2021-08-25T20:59:59Z,,1
protobuf,GHSA-mh6h-f25p-98f8,,2021-08-25T20:44:05Z,,1
vm-memory,GHSA-mm4m-qg48-f7wc,,2021-08-25T21:01:29Z,,1
vm-memory,GHSA-mm4m-qg48-f7wc,,2021-08-25T21:01:29Z,,1
smallvec,GHSA-mm7v-vpv8-xfc3,,2021-08-25T20:44:59Z,,1
rand_core,GHSA-mmc9-pwm7-qj5w,,2021-08-25T20:56:50Z,,1
rand_core,GHSA-mmc9-pwm7-qj5w,,2021-08-25T20:56:50Z,,1
sized-chunks,GHSA-mp6f-p9gp-vpj9,,2021-08-25T20:46:06Z,,1
xcb,GHSA-mp6r-fgw2-rxfx,,2021-08-25T20:53:27Z,,1
model,GHSA-mxv6-q98x-h958,,2021-08-25T20:56:07Z,,1
bat,GHSA-p24j-h477-76q3,,2021-08-25T21:01:37Z,,1
ozone,GHSA-p2q9-9cq6-h3jw,,2021-08-25T20:47:46Z,,1
socket2,GHSA-p5w9-856p-8q4g,,2021-08-25T21:00:23Z,,1
slice-deque,GHSA-p9gf-gmfv-398m,,2021-08-25T20:54:16Z,,1
mio,GHSA-pf3p-x6qj-6j7q,,2021-08-25T20:50:33Z,,1
v9,GHSA-pfjq-935c-4895,,2021-08-25T21:00:37Z,,1
pleaser,GHSA-pp74-39w2-v4w9,,2021-08-25T21:01:44Z,,1
may_queue,GHSA-pphf-f93w-gc84,,2021-08-25T20:51:47Z,,1
lock_api,GHSA-ppj3-7jw3-8vc4,,2021-08-25T20:49:35Z,,1
calamine,GHSA-ppqp-78xx-3r38,,2021-08-25T20:53:25Z,,1
portaudio,GHSA-pq6v-x7gp-7776,,2021-08-25T20:43:09Z,,1
crossbeam-deque,GHSA-pqqp-xmhj-wgcw,,2021-08-25T21:01:15Z,,1
crossbeam-deque,GHSA-pqqp-xmhj-wgcw,,2021-08-25T21:01:15Z,,1
cgc,GHSA-pwhf-7427-9vv2,,2021-08-25T20:56:57Z,,1
rulinalg,GHSA-q2gj-9r85-p832,,2021-08-25T20:48:09Z,,1
rusqlite,GHSA-q3cc-7p7g-392c,,2021-08-25T20:47:43Z,,1
hyper,GHSA-q89x-f52w-6hj2,,2021-08-25T20:43:04Z,,1
hyper,GHSA-q89x-f52w-6hj2,,2021-08-25T20:43:04Z,,1
os_str_bytes,GHSA-q948-x8rf-888m,,2021-08-25T20:47:55Z,,1
im,GHSA-q9h2-4xhf-23xx,,2021-08-25T20:51:36Z,,1
alpm-rs,GHSA-qc4m-gc8r-mg8m,,2021-08-25T20:48:59Z,,1
chunky,GHSA-qg24-8xj4-gj2h,,2021-08-25T20:58:13Z,,1
openssl-src,GHSA-qgm6-9472-pwq7,,2021-08-25T20:52:19Z,,1
heapless,GHSA-qgwf-r2jj-2ccv,,2021-08-25T20:56:09Z,,1
ark-r1cs-std,GHSA-qj3v-q2vj-4c8h,,2021-08-25T20:55:58Z,,1
parse_duration,GHSA-qpgv-g792-wh6x,,2021-08-25T20:54:04Z,,1
portaudio-rs,GHSA-qpjr-ch72-2qq4,,2021-08-25T20:45:17Z,,1
ordnung,GHSA-qrwc-jxf5-g8x6,,2021-08-25T20:48:40Z,,1
dync,GHSA-qxjq-v4wf-ppvh,,2021-08-25T20:49:47Z,,1
multiqueue,GHSA-r2x6-vrxx-jgv4,,2021-08-25T20:58:07Z,,1
linked-hash-map,GHSA-r43h-gmrm-h5c9,,2021-08-25T20:45:09Z,,1
abox,GHSA-r626-fc64-3q28,,2021-08-25T20:59:06Z,,1
pnet,GHSA-r6ff-2q3c-v3pv,,2021-08-25T21:00:01Z,,1
buttplug,GHSA-r7rv-2rph-hvhj,,2021-08-25T20:51:45Z,,1
syncpool,GHSA-r88h-6987-g79f,,2021-08-25T21:00:28Z,,1
failure,GHSA-r98r-j25q-rmpr,,2021-08-25T20:46:38Z,,1
id-map,GHSA-rccq-j2m7-8fwr,,2021-08-25T20:55:14Z,,1
sized-chunks,GHSA-rfgg-vccr-m46m,,2021-08-25T20:45:58Z,,1
adtensor,GHSA-rg4m-gww5-7p47,,2021-08-25T20:54:18Z,,1
ws,GHSA-rh7x-ppxx-p34c,,2021-08-25T20:49:32Z,,1
memoffset,GHSA-rh89-x75f-rh3c,,2021-08-25T20:44:00Z,,1
rusqlite,GHSA-rjh8-p66p-jrh5,,2021-08-25T20:46:59Z,,1
nb-connect,GHSA-rm4w-6696-r77p,,2021-08-25T20:52:14Z,,1
max7301,GHSA-rmff-f8w9-c9rm,,2021-08-25T20:59:22Z,,1
libflate,GHSA-rpcm-whqc-jfw8,,2021-08-25T20:44:53Z,,1
convec,GHSA-rpxm-vmr7-5f5f,,2021-08-25T20:59:15Z,,1
actix-codec,GHSA-rqgx-hpg4-456r,,2021-08-25T20:49:45Z,,1
hashconsing,GHSA-rw2c-c256-3r53,,2021-08-25T20:51:52Z,,1
smallvec,GHSA-rxr4-x558-x7hw,,2021-08-25T20:42:54Z,,1
actix-http,GHSA-v3j6-xf77-8r9c,,2021-08-25T20:49:39Z,,1
scottqueue,GHSA-v42f-j8fx-99f3,,2021-08-25T21:00:13Z,,1
crossbeam-channel,GHSA-v5m7-53cv-f3hx,,2021-08-25T21:01:13Z,,1
asn1_der,GHSA-v5r6-6r3c-wqxc,,2021-08-25T20:44:56Z,,1
ckb,GHSA-v666-6w97-pcwm,,2021-08-25T21:01:21Z,,1
truetype,GHSA-v7q4-97x4-4qw2,,2021-08-25T20:51:58Z,,1
lettre,GHSA-vc2p-r46x-m3vx,,2021-08-25T20:56:48Z,,1
lettre,GHSA-vc2p-r46x-m3vx,,2021-08-25T20:56:48Z,,1
lettre,GHSA-vc2p-r46x-m3vx,,2021-08-25T20:56:48Z,,1
pleaser,GHSA-vc5p-j8vw-mc6x,,2021-08-25T21:01:47Z,,1
rocket,GHSA-vcw4-8ph6-7vw8,,2021-08-25T20:54:20Z,,1
id-map,GHSA-vfqx-hv88-f9cv,,2021-08-25T20:55:22Z,,1
lock_api,GHSA-vh4p-6j7g-f4j9,,2021-08-25T20:49:56Z,,1
renderdoc,GHSA-vhfr-v4w9-45v8,,2021-08-25T20:44:51Z,,1
ruspiro-singleton,GHSA-vj88-5667-w56p,,2021-08-25T21:00:11Z,,1
fltk,GHSA-vjmg-pc8h-p6p8,,2021-08-25T20:53:58Z,,1
cookie,GHSA-vjrq-cg9x-rfjp,,2021-08-25T20:43:02Z,,1
syncpool,GHSA-vp6r-mrq9-8f4h,,2021-08-25T20:58:11Z,,1
endian_trait,GHSA-vpw8-43wm-rxw5,,2021-08-25T20:54:06Z,,1
abi_stable,GHSA-vq23-5h4f-vwpv,,2021-08-25T21:01:35Z,,1
bumpalo,GHSA-vqx7-pw4r-29rr,,2021-08-25T20:47:13Z,,1
generator,GHSA-w3g5-2848-2v8r,,2021-08-25T20:57:05Z,,1
lazy-init,GHSA-w47j-hqpf-qw9w,,2021-08-25T20:52:59Z,,1
rkyv,GHSA-w5cr-frph-hw7f,,2021-08-25T21:01:50Z,,1
actix-web,GHSA-w65j-g6c7-g3m4,,2021-08-25T20:42:50Z,,1
rand_core,GHSA-w7j2-35mf-95p7,,2021-08-25T20:52:16Z,,1
disrustor,GHSA-w9r2-qrpm-4rmj,,2021-08-25T20:56:59Z,,1
uu_od,GHSA-w9vv-q986-vj7x,,2021-08-25T20:54:24Z,,1
time,GHSA-wcg3-cvx6-7396,,2021-08-25T20:56:46Z,,1
time,GHSA-wcg3-cvx6-7396,,2021-08-25T20:56:46Z,,1
libpulse-binding,GHSA-wcxc-jf6c-8rx9,,2021-08-25T20:57:21Z,,1
bigint,GHSA-wgx2-6432-j3fw,,2021-08-25T20:48:04Z,,1
actix-service,GHSA-whc7-5p35-4ww2,,2021-08-25T20:49:06Z,,1
nano_arena,GHSA-wp34-mqw5-jj85,,2021-08-25T20:52:00Z,,1
untrusted,GHSA-wq8f-46ww-6c2h,,2021-08-25T20:43:49Z,,1
abi_stable,GHSA-wqxc-qrq4-w5v4,,2021-08-25T21:01:33Z,,1
late-static,GHSA-wr55-mf5c-hhwm,,2021-08-25T20:50:44Z,,1
sodiumoxide,GHSA-wrvc-72w7-xpmj,,2021-08-25T20:45:54Z,,1
magnetic,GHSA-wv4p-jp67-jr97,,2021-08-25T20:50:05Z,,1
noise_search,GHSA-wxjf-9f4g-3v44,,2021-08-25T20:56:05Z,,1
fil-ocl,GHSA-x3v2-fgr6-3wmm,,2021-08-25T20:53:03Z,,1
prost-types,GHSA-x4qm-mcjq-v2gf,,2021-08-25T20:55:53Z,,1
sized-chunks,GHSA-x54v-qxxr-93qc,,2021-08-25T20:45:01Z,,1
base64,GHSA-x67x-vg9m-65c3,,2021-08-25T20:55:27Z,,1
http,GHSA-x7vr-c387-8w57,,2021-08-25T21:01:31Z,,1
openssl,GHSA-xjxc-vfw2-cg96,,2021-08-25T20:43:45Z,,1
comrak,GHSA-xmr7-v725-2jjr,,2021-08-25T20:52:12Z,,1
gfwx,GHSA-xp6v-qx65-4pp7,,2021-08-25T20:50:39Z,,1
serde_cbor,GHSA-xr7r-88qv-q7hm,,2021-08-25T20:45:51Z,,1
parc,GHSA-xwxc-j97j-84gf,,2021-08-25T21:00:03Z,,1
stack_dst,GHSA-45w7-7g63-2m5w,,2021-09-01T18:30:55Z,,1
wasmtime,GHSA-4873-36h9-wv49,,2021-09-20T19:54:16Z,,1
stack_dst,GHSA-8mjx-h23h-w2pg,,2021-09-01T18:30:44Z,,1
pallet-ethereum,GHSA-hw4v-5x4h-c3xm,,2021-09-01T18:22:48Z,,1
tremor-script,GHSA-mc22-5q92-8v85,,2021-09-20T19:52:53Z,,1
wasmtime,GHSA-q879-9g95-56mx,,2021-09-20T19:54:26Z,,1
wasmtime,GHSA-v4cp-h94r-m7xf,,2021-09-20T19:54:05Z,,1
toodee,GHSA-wcvp-r8j8-47pc,,2021-09-01T18:30:35Z,,1
toodee,GHSA-xm9m-2vj8-fmfr,,2021-09-01T18:30:40Z,,1
deno,GHSA-xpwj-7v8q-mcgj,,2021-09-23T23:18:03Z,,1
coreos-installer,GHSA-3r3g-g73x-g593,,2021-10-12T16:06:47Z,,1
async-h1,GHSA-4vr9-8cjf-vf9c,,2021-10-12T16:00:37Z,,1
evm,GHSA-pvh2-pj76-4m96,,2021-10-19T15:28:35Z,,1
tough,GHSA-r56q-vv3c-6g9c,,2021-10-19T20:16:26Z,,1
pallet-ethereum,GHSA-vj62-g63v-f8mf,,2021-10-13T18:53:38Z,,1
tough,GHSA-x3r5-q6mj-m485,,2021-10-19T20:16:15Z,,1
routinator,GHSA-6mv9-qcx2-3hh3,,2021-11-11T00:55:08Z,,1
coreos-installer,GHSA-862g-9h5m-m3qv,,2021-11-08T18:01:13Z,,1
fruity,GHSA-h352-g5vw-3926,,2021-11-16T17:26:47Z,,1
lucet-runtime,GHSA-hf79-8hjp-rrvq,,2021-11-30T22:20:36Z,,1
num-bigint,GHSA-v935-pqmr-g8v9,,2021-11-03T17:36:04Z,,1
perseus-actix-web,GHSA-gjrj-9rj4-pgwx,,2021-12-15T22:51:07Z,,1
openssl-src,GHSA-mmjf-f5jw-w72q,,2021-12-15T00:00:42Z,,1
pnet,GHSA-24g6-5rx7-58wj,,2022-01-06T22:18:07Z,,1
ckb,GHSA-2969-8hh9-57jc,,2022-01-06T22:09:49Z,,1
mopa,GHSA-2gxj-qrp2-53jv,,2022-01-06T22:11:11Z,,1
rdiff,GHSA-2rxc-8f9w-fjq8,,2022-01-06T22:14:13Z,,1
rusqlite,GHSA-4qr3-m7ww-hh9g,,2022-01-06T22:01:40Z,,1
rusqlite,GHSA-4qr3-m7ww-hh9g,,2022-01-06T22:01:40Z,,1
smallvec,GHSA-55m5-whcv-c49c,,2022-01-06T22:20:28Z,,1
abomonation,GHSA-5vwc-r48g-wj6c,,2022-01-06T22:08:22Z,,1
ash,GHSA-64wv-8vwp-xgw2,,2022-01-06T22:13:02Z,,1
molecule,GHSA-6p3c-v8vc-c244,,2022-01-06T22:10:34Z,,1
nix,GHSA-76w9-p8mg-j927,,2022-01-06T22:07:14Z,,1
nix,GHSA-76w9-p8mg-j927,,2022-01-06T22:07:14Z,,1
nix,GHSA-76w9-p8mg-j927,,2022-01-06T22:07:14Z,,1
acc_reader,GHSA-799f-r78p-gq9c,,2022-01-06T22:17:38Z,,1
actix-web,GHSA-7x36-h62w-vw65,,2022-01-06T22:18:58Z,,1
rusqlite,GHSA-87xh-9q6h-r5cc,,2022-01-06T22:00:49Z,,1
rusqlite,GHSA-87xh-9q6h-r5cc,,2022-01-06T22:00:49Z,,1
ckb,GHSA-8gjm-h3xj-mp6w,,2022-01-06T22:10:43Z,,1
rusqlite,GHSA-92cx-4xm7-jr9m,,2022-01-06T22:02:56Z,,1
rusqlite,GHSA-92cx-4xm7-jr9m,,2022-01-06T22:02:56Z,,1
csv-sniffer,GHSA-9783-42pm-x5jq,,2022-01-06T22:13:58Z,,1
crypto2,GHSA-9hfg-pxr6-q4vp,,2022-01-06T22:04:51Z,,1
columnar,GHSA-9mp7-45qh-r8j8,,2022-01-06T22:13:46Z,,1
actix-web,GHSA-9qj6-4rfq-vm84,,2022-01-06T22:20:41Z,,1
tremor-script,GHSA-9qvw-46gf-4fv8,,2022-01-06T22:09:07Z,,1
zeroize_derive,GHSA-c5hx-w945-j4pq,,2022-01-06T22:08:33Z,,1
pallet-evm-precompile-modexp,GHSA-cjg2-2fjg-fph4,,2022-01-14T21:03:36Z,,1
rusqlite,GHSA-cm8g-544f-p9x9,,2022-01-06T22:03:16Z,,1
rusqlite,GHSA-cm8g-544f-p9x9,,2022-01-06T22:03:16Z,,1
binjs_io,GHSA-cw4j-cf6c-mmfv,,2022-01-06T22:14:24Z,,1
ckb,GHSA-cw98-cx2m-9qqg,,2022-01-06T22:10:08Z,,1
metrics-util,GHSA-cwvc-87xq-pc5m,,2022-01-06T22:08:43Z,,1
rusqlite,GHSA-f6f2-3w33-54r9,,2022-01-06T22:02:36Z,,1
rusqlite,GHSA-f6f2-3w33-54r9,,2022-01-06T22:02:36Z,,1
sha2,GHSA-fc7x-2cmc-8j2g,,2022-01-06T22:10:26Z,,1
gfx-auxil,GHSA-ff2r-xpwq-6whj,,2022-01-06T22:12:14Z,,1
tokio,GHSA-fg7r-2g4j-5cgr,,2022-01-06T22:04:37Z,,1
tokio,GHSA-fg7r-2g4j-5cgr,,2022-01-06T22:04:37Z,,1
actix-web,GHSA-fgfm-hqjw-3265,,2022-01-06T22:18:46Z,,1
rusqlite,GHSA-g4g4-3pqw-8m7f,,2022-01-06T22:02:01Z,,1
rusqlite,GHSA-g4g4-3pqw-8m7f,,2022-01-06T22:02:01Z,,1
simple_asn1,GHSA-g4h2-4wvh-grc5,,2022-01-06T22:05:05Z,,1
rusqlite,GHSA-g87r-23vw-7f87,,2022-01-06T22:00:21Z,,1
rusqlite,GHSA-g87r-23vw-7f87,,2022-01-06T22:00:21Z,,1
bingrep,GHSA-gm68-g349-gxgg,,2022-01-28T22:35:16Z,,1
messagepack-rs,GHSA-hr52-f9vp-582c,,2022-01-06T22:12:28Z,,1
libpulse-binding,GHSA-hxjf-h2mh-r6hj,,2022-01-06T22:20:12Z,,1
messagepack-rs,GHSA-jqjj-r4qp-x2gh,,2022-01-06T22:12:42Z,,1
libpulse-binding,GHSA-jqpv-jm4m-86j9,,2022-01-06T22:17:50Z,,1
bronzedb-protocol,GHSA-jv2r-jx6q-89jg,,2022-01-06T22:16:32Z,,1
messagepack-rs,GHSA-jwfh-j623-m97h,,2022-01-06T22:12:35Z,,1
flumedb,GHSA-p46c-w9m3-7qr2,,2022-01-06T22:18:35Z,,1
acc_reader,GHSA-p4cr-64x4-f92f,,2022-01-06T22:17:23Z,,1
tremor-script,GHSA-q2x5-6q7q-r872,,2022-01-06T22:10:17Z,,1
tectonic_xdv,GHSA-qwvx-c8j7-5g75,,2022-01-06T22:09:19Z,,1
nanorand,GHSA-r57r-j98g-587f,,2022-01-06T22:08:56Z,,1
bite,GHSA-v2ch-fc8f-qm33,,2022-01-06T22:16:57Z,,1
lru,GHSA-v362-2895-h9r2,,2022-01-07T22:37:01Z,,1
buffoon,GHSA-v938-qcc9-rwv8,,2022-01-06T22:17:09Z,,1
messagepack-rs,GHSA-vw5m-qw2r-m923,,2022-01-06T22:11:46Z,,1
raw-cpuid,GHSA-w428-f65r-h4q2,,2022-01-06T22:13:12Z,,1
derive-com-impl,GHSA-w4cc-pc2h-whcj,,2022-01-06T22:16:10Z,,1
vec-const,GHSA-x76r-966h-5qv9,,2022-01-06T22:15:56Z,,1
rust-embed,GHSA-xrg3-hmf3-rvgw,,2022-01-06T22:03:56Z,,1
libpulse-binding,GHSA-xvcg-2q82-r87j,,2022-01-06T22:18:19Z,,1
solana_rbpf,GHSA-xwqr-xmgg-j69q,,2022-01-28T22:59:28Z,,1
parsec-service,GHSA-45w3-v3g4-54pm,,2022-02-11T19:11:36Z,,1
wasmtime,GHSA-88xq-w8cq-xfg7,,2022-02-16T22:35:03Z,,1
wasmtime,GHSA-88xq-w8cq-xfg7,,2022-02-16T22:35:03Z,,1
galois_2p8,GHSA-9p8q-j6q5-mjw8,,2022-02-15T00:02:45Z,,1
crossbeam-utils,GHSA-qc84-gqf4-9926,,2022-02-16T22:36:21Z,,1
deno,GHSA-838h-jqp6-cf2f,,2022-03-29T22:10:10Z,,1
Simple-Wayland-HotKey-Daemon,GHSA-8m49-2xj8-67v9,,2022-03-31T00:00:24Z,,1
regex,GHSA-m5pq-gvj9-9vr8,,2022-03-08T20:00:36Z,,1
Simple-Wayland-HotKey-Daemon,GHSA-p4jg-pccf-h82c,,2022-03-31T00:00:24Z,,1
openssl-src,GHSA-x3mh-jvjw-3xwx,,2022-03-16T00:00:45Z,,1
openssl-src,GHSA-x3mh-jvjw-3xwx,,2022-03-16T00:00:45Z,,1
afire,GHSA-3227-r97m-8j95,,2022-04-22T20:16:45Z,,1
wasmtime,GHSA-gwc9-348x-qwv2,,2022-04-01T13:36:12Z,,1
wasmtime,GHSA-gwc9-348x-qwv2,,2022-04-01T13:36:12Z,,1
Simple-Wayland-HotKey-Daemon,GHSA-h5wh-7h2j-h999,,2022-04-15T00:00:40Z,,1
Simple-Wayland-HotKey-Daemon,GHSA-h6xw-mghq-7523,,2022-04-08T00:00:24Z,,1
ckb,GHSA-j35p-q24r-5367,,2022-04-22T20:23:04Z,,1
Simple-Wayland-HotKey-Daemon,GHSA-r3r5-jhw6-4634,,2022-04-08T00:00:24Z,,1
Simple-Wayland-HotKey-Daemon,GHSA-x446-3xhq-5xfp,,2022-04-15T00:00:40Z,,1
scratchpad,GHSA-3qm2-rfqw-fmrw,,2022-05-24T17:43:48Z,,1
smallvec,GHSA-43w2-9j62-hq99,,2022-05-24T17:40:21Z,,1
smallvec,GHSA-43w2-9j62-hq99,,2022-05-24T17:40:21Z,,1
mongodb,GHSA-4rjr-3gj2-5crq,,2022-05-24T19:09:36Z,,1
futures-util,GHSA-5r9g-j7jj-hw6c,,2022-05-24T17:37:49Z,,1
compu-brotli-sys,GHSA-5v8v-66v8-mwm7,,2022-05-24T17:28:21Z,,1
openssl-src,GHSA-5ww6-px42-wc85,,2022-05-24T19:12:03Z,,1
openssl-src,GHSA-638m-m8mh-7gw2,,2022-05-04T00:00:22Z,,1
qwutils,GHSA-68p4-pjpf-xwcq,,2022-05-24T17:41:47Z,,1
grin,GHSA-6x52-88cq-55q5,,2022-05-24T17:17:13Z,,1
grin,GHSA-7w6p-rwhg-7h3g,,2022-05-24T17:07:02Z,,1
totp-rs,GHSA-8vxv-2g8p-2249,,2022-05-24T21:33:15Z,,1
cargo,GHSA-9f3p-wvj7-q82x,,2022-05-24T16:57:30Z,,1
arc-swap,GHSA-9pqx-g3jh-qpqq,,2022-05-24T17:37:21Z,,1
arc-swap,GHSA-9pqx-g3jh-qpqq,,2022-05-24T17:37:21Z,,1
solana_rbpf,GHSA-9qmm-4mfr-r3wj,,2022-05-10T00:00:21Z,,1
net2,GHSA-c79c-gwph-gqfm,,2022-05-24T17:37:49Z,,1
async-h1,GHSA-c8rq-crxj-mj9m,,2022-05-24T17:40:15Z,,1
bam,GHSA-cpqj-r29q-chrh,,2022-05-24T17:43:47Z,,1
solana_rbpf,GHSA-ffx3-8qvm-pq3j,,2022-05-22T00:00:32Z,,1
openssl-src,GHSA-g323-fr93-4j3c,,2022-05-04T00:00:22Z,,1
diesel,GHSA-j8q9-5rp9-4mv9,,2022-05-24T17:44:31Z,,1
librsvg,GHSA-j984-q4qc-6qxf,,2022-05-17T03:50:02Z,,1
routinator,GHSA-m3x9-623g-35c4,,2022-05-24T19:20:05Z,,1
openssl-src,GHSA-mfm6-r9g2-q4r7,,2022-05-04T00:00:23Z,,1
grin,GHSA-p75g-gcv5-42qg,,2022-05-24T17:24:33Z,,1
futures-task,GHSA-p9m5-3hj7-cp5r,,2022-05-24T17:37:49Z,,1
openssl-src,GHSA-q9wj-f4qw-6vfj,,2022-05-24T19:12:03Z,,1
futures-task,GHSA-r93v-9p5q-vhpf,,2022-05-24T17:37:49Z,,1
futures-util,GHSA-rh4w-94hh-9943,,2022-05-24T17:37:49Z,,1
rustc-serialize,GHSA-2226-4v3c-cff8,,2022-06-17T00:18:24Z,,1
gfx-auxil,GHSA-28p5-7rg4-8v99,,2022-06-16T23:59:12Z,,1
metrics-util,GHSA-3hxh-7jxm-59x4,,2022-06-17T00:13:03Z,,1
flatbuffers,GHSA-3jch-9qgp-4844,,2022-06-16T23:54:35Z,,1
simple_asn1,GHSA-3m6f-3gfg-4x56,,2022-06-17T00:19:49Z,,1
tremor-script,GHSA-3pp4-64mp-9cg9,,2022-06-17T00:27:30Z,,1
arrow2,GHSA-5j8w-r7g8-5472,,2022-06-16T23:42:08Z,,1
arrow2,GHSA-5j8w-r7g8-5472,,2022-06-16T23:42:08Z,,1
arrow2,GHSA-5j8w-r7g8-5472,,2022-06-16T23:42:08Z,,1
bronzedb-protocol,GHSA-5phc-849h-vcxg,,2022-06-16T23:45:49Z,,1
tectonic_xdv,GHSA-6692-8qqf-79jc,,2022-06-17T00:24:29Z,,1
deno,GHSA-67hm-27mx-9cg7,,2022-06-13T00:00:19Z,,1
crossbeam-queue,GHSA-6888-wf7j-34jq,,2022-06-16T23:50:05Z,,1
bite,GHSA-72r2-rg28-47v9,,2022-06-16T23:44:51Z,,1
biscuit-auth,GHSA-75rw-34q6-72cr,,2022-06-17T00:38:03Z,,1
array-macro,GHSA-7v4j-8wvr-v55r,,2022-06-16T23:40:38Z,,1
array-macro,GHSA-83gg-pwxf-jr89,,2022-06-16T23:40:19Z,,1
crossbeam,GHSA-8gj8-hv75-gp94,,2022-06-16T23:51:13Z,,1
neon,GHSA-8mj7-wxmc-f424,,2022-06-17T00:13:40Z,,1
mopa,GHSA-8mv5-7x95-7wcf,,2022-06-17T00:12:33Z,,1
rulex,GHSA-8v9w-p43c-r885,,2022-06-21T20:12:15Z,,1
shamir,GHSA-978j-88f3-p5j3,,2022-06-17T00:18:43Z,,1
qcell,GHSA-9c9f-7x9p-4wqp,,2022-06-17T00:16:11Z,,1
crossbeam-channel,GHSA-9g55-pg62-m8hh,,2022-06-16T23:49:25Z,,1
thread_local,GHSA-9hpw-r23r-xgm5,,2022-06-17T00:25:46Z,,1
derive-com-impl,GHSA-9rg7-3j4f-cf4x,,2022-06-16T23:52:51Z,,1
binjs_io,GHSA-c6px-4grw-hrjr,,2022-06-16T23:42:49Z,,1
rust-embed,GHSA-cgw6-f3mj-h742,,2022-06-17T00:18:08Z,,1
chrono,GHSA-cqpr-pcm7-m3jc,,2022-06-16T23:48:34Z,,1
columnar,GHSA-cxcc-q839-2cw9,,2022-06-16T23:48:53Z,,1
hyper,GHSA-f67m-9j94-qv9j,,2022-06-16T23:59:29Z,,1
plutonium,GHSA-gfg9-x6px-r7gr,,2022-06-16T23:09:17Z,,1
arrow,GHSA-h588-76vg-prgj,,2022-06-16T23:41:29Z,,1
abomonation,GHSA-hfxp-p695-629x,,2022-06-16T23:24:29Z,,1
buffoon,GHSA-hmx9-jm3v-33hv,,2022-06-16T23:46:08Z,,1
acc_reader,GHSA-hv9v-7w3v-rj6f,,2022-06-16T23:38:37Z,,1
raw-cpuid,GHSA-jf5h-cf95-w759,,2022-06-17T00:16:24Z,,1
vec-const,GHSA-jmwx-r3gq-qq3p,,2022-06-17T00:27:57Z,,1
rust-crypto,GHSA-jp3w-3q88-34cf,,2022-06-17T00:17:08Z,,1
failure,GHSA-jq66-xh47-j9f3,,2022-06-16T23:06:58Z,,1
wasmtime,GHSA-jqwc-c49r-4w2x,,2022-06-29T22:08:25Z,,1
cranelift-codegen,GHSA-jqwc-c49r-4w2x,,2022-06-29T22:08:25Z,,1
messagepack-rs,GHSA-m325-rxjv-pwph,,2022-06-17T00:11:41Z,,1
dashmap,GHSA-mpg5-fvwp-42m2,,2022-06-16T23:52:24Z,,1
ammonia,GHSA-p2g9-94wh-65c2,,2022-06-16T23:39:55Z,,1
flumedb,GHSA-p56p-gq3f-whg8,,2022-06-16T23:54:46Z,,1
nanorand,GHSA-p6gj-gpc8-f8xw,,2022-06-17T00:13:24Z,,1
crypto2,GHSA-pmcv-mgcf-rvxg,,2022-06-16T23:51:32Z,,1
rdiff,GHSA-q579-9wp9-gfp2,,2022-06-17T00:14:18Z,,1
rusqlite,GHSA-q89g-4vhh-mvvm,,2022-06-17T00:16:48Z,,1
rusqlite,GHSA-q89g-4vhh-mvvm,,2022-06-17T00:16:48Z,,1
arrow,GHSA-qgrp-8f3v-q85p,,2022-06-16T23:41:45Z,,1
ash,GHSA-qj69-c89v-jwq2,,2022-06-16T23:41:05Z,,1
lru,GHSA-qqmc-hwqp-8g2w,,2022-06-17T00:11:13Z,,1
zeroize_derive,GHSA-r45x-ghr2-qjxc,,2022-06-17T00:30:52Z,,1
csv-sniffer,GHSA-r67p-m7g9-gxw6,,2022-06-16T23:51:58Z,,1
arrow,GHSA-r7cj-wmwv-hfw5,,2022-06-16T23:40:50Z,,1
crossbeam,GHSA-rwf4-gx62-rqfw,,2022-06-08T22:28:27Z,,1
enum-map,GHSA-rxhx-9fj6-6h2m,,2022-06-16T23:53:32Z,,1
rulex,GHSA-v78m-2q7v-fjqp,,2022-06-22T17:52:51Z,,1
tss-esapi,GHSA-w3vw-ccc5-qr8v,,2022-06-17T01:17:41Z,,1
tss-esapi,GHSA-w3vw-ccc5-qr8v,,2022-06-17T01:17:41Z,,1
libp2p-core,GHSA-wc36-xgcc-jwpr,,2022-06-17T00:01:02Z,,1
nix,GHSA-wgrg-5h56-jg27,,2022-06-17T00:13:59Z,,1
nix,GHSA-wgrg-5h56-jg27,,2022-06-17T00:13:59Z,,1
nix,GHSA-wgrg-5h56-jg27,,2022-06-17T00:13:59Z,,1
tower-http,GHSA-wwh2-r387-g5rm,,2022-06-17T00:26:05Z,,1
tower-http,GHSA-wwh2-r387-g5rm,,2022-06-17T00:26:05Z,,1
windows,GHSA-x4mq-m75f-mx8m,,2022-06-17T00:30:33Z,,1
sha2,GHSA-xpww-g9jx-hp8r,,2022-06-17T00:19:35Z,,1
http,GHSA-xvc9-xwgj-4cq9,,2022-06-16T23:08:02Z,,1
openssl-src,GHSA-3wx7-46ch-7rq2,,2022-07-06T19:57:19Z,,1
openssl-src,GHSA-3wx7-46ch-7rq2,,2022-07-06T19:57:19Z,,1
juniper,GHSA-4rx6-g5vg-5f3j,,2022-07-29T22:29:22Z,,1
wasmtime,GHSA-5fhj-g3p3-pq9g,,2022-07-20T22:47:13Z,,1
cranelift-codegen,GHSA-5fhj-g3p3-pq9g,,2022-07-20T22:47:13Z,,1
openssl-src,GHSA-735f-pg76-fxc4,,2022-07-02T00:00:29Z,,1
wasmtime,GHSA-7f6x-jwh5-m9r4,,2022-07-21T22:34:38Z,,1
cranelift-codegen,GHSA-7f6x-jwh5-m9r4,,2022-07-21T22:34:38Z,,1
slack-morphism,GHSA-99j7-mhfh-w84p,,2022-07-20T01:30:21Z,,1
wasm3,GHSA-gq4p-4hxv-5rg9,,2022-07-28T00:00:49Z,,1
async-graphql,GHSA-xq3c-8gqm-v648,,2022-07-29T22:22:27Z,,1
temporary,GHSA-2jq9-6xx7-3h29,,2022-08-11T18:10:52Z,,1
iana-time-zone,GHSA-3fg9-hcq5-vxrc,,2022-08-30T19:55:41Z,,1
apache-avro,GHSA-3w5g-989p-35r8,,2022-08-10T00:00:31Z,,1
rustdecimal,GHSA-7pwq-f4pq-78gm,,2022-08-11T15:43:35Z,,1
opcua,GHSA-8mx2-gqx9-rm7f,,2022-08-24T00:00:31Z,,1
owning_ref,GHSA-9qxh-258v-666c,,2022-08-10T17:26:00Z,,1
oqs,GHSA-h864-m8vm-3xvj,,2022-08-18T19:06:39Z,,1
opcua,GHSA-hgxq-hcrm-c5pm,,2022-08-25T00:00:29Z,,1
oqs,GHSA-hrjv-pf36-jpmr,,2022-08-18T19:01:15Z,,1
libsqlite3-sys,GHSA-jw36-hf63-69r9,,2022-08-04T00:00:26Z,,1
mz-avro,GHSA-jwh2-vrr9-vcp2,,2022-08-30T19:53:54Z,,1
fc-rpc,GHSA-mjvm-mhgc-q4gp,,2022-08-18T19:18:25Z,,1
websocket,GHSA-qrjv-rf5q-qpxc,,2022-08-06T05:20:00Z,,1
tower-http,GHSA-qrqq-9c63-xfrg,,2022-08-11T15:36:42Z,,1
tower-http,GHSA-qrqq-9c63-xfrg,,2022-08-11T15:36:42Z,,1
apache-avro,GHSA-v456-chpw-6mmw,,2022-08-10T00:00:31Z,,1
apache-avro,GHSA-wcm8-86x6-8mv3,,2022-08-10T00:00:31Z,,1
rocksdb,GHSA-xpp3-xrff-w6rh,,2022-08-12T15:31:10Z,,1
tauri,GHSA-28m8-9j7v-x499,,2022-09-16T19:28:49Z,,1
personnummer,GHSA-28r9-pq4c-wp3c,,2022-09-21T15:36:11Z,,1
axum-core,GHSA-2gg5-7c4v-6xx2,,2022-09-15T00:00:19Z,,1
axum-core,GHSA-2gg5-7c4v-6xx2,,2022-09-15T00:00:19Z,,1
cargo,GHSA-2hvr-h6gw-qrxp,,2022-09-16T17:12:05Z,,1
cargo,GHSA-2hvr-h6gw-qrxp,,2022-09-16T17:12:05Z,,1
ansi_term,GHSA-74w3-p89x-ffgh,,2022-09-16T21:03:19Z,,1
lz4-sys,GHSA-9q5j-jm53-v7vr,,2022-09-01T22:24:55Z,,1
os_socketaddr,GHSA-c439-chv8-8g2j,,2022-09-02T22:29:41Z,,1
wasm3,GHSA-crf8-h2wq-2h9x,,2022-09-21T00:00:38Z,,1
routinator,GHSA-m4vx-ccrf-w399,,2022-09-14T00:00:43Z,,1
axum-core,GHSA-m77f-652q-wwp4,,2022-09-15T03:25:15Z,,1
axum-core,GHSA-m77f-652q-wwp4,,2022-09-15T03:25:15Z,,1
cell-project,GHSA-p75v-367r-2v23,,2022-09-16T21:08:19Z,,1
traitobject,GHSA-pp8r-vv2j-9j5v,,2022-09-16T17:12:59Z,,1
wee_alloc,GHSA-rc23-xxgq-x27g,,2022-09-16T17:18:28Z,,1
cargo,GHSA-rfj2-q3h3-hm5j,,2022-09-16T17:12:30Z,,1
cargo,GHSA-rfj2-q3h3-hm5j,,2022-09-16T17:12:30Z,,1
pallet-ethereum,GHSA-v57h-6hmh-g2p4,,2022-09-23T22:07:10Z,,1
mozjpeg,GHSA-v8gq-5grq-9728,,2022-09-16T21:03:43Z,,1
typemap,GHSA-vfv3-9w6v-23jp,,2022-09-16T17:13:21Z,,1
matrix-sdk-crypto,GHSA-vp68-2wrm-69qm,,2022-09-30T22:51:57Z,,1
linked_list_allocator,GHSA-xg8p-34w2-j49j,,2022-09-16T17:41:33Z,,1
openssl-src,GHSA-4f63-89w9-3jjv,,2022-10-11T19:00:29Z,,1
slack-morphism,GHSA-4mjx-2gh5-ph8h,,2022-10-10T21:07:47Z,,1
conduit-hyper,GHSA-9398-5ghf-7pr6,,2022-10-31T18:44:47Z,,1
matrix-sdk,GHSA-fc4h-xcf3-qj5f,,2022-10-25T20:22:19Z,,1
evm,GHSA-hhc4-47rh-cr34,,2022-10-25T22:27:21Z,,1
kamadak-exif,GHSA-px9g-8hgv-jvg2,,2022-10-06T19:53:39Z,,1
aliyun-oss-client,GHSA-3w3h-7xgx-grwc,,2022-11-21T20:39:05Z,,1
wasmtime,GHSA-44mr-8vmm-wjhg,,2022-11-10T21:09:02Z,,1
wasmtime,GHSA-44mr-8vmm-wjhg,,2022-11-10T21:09:02Z,,1
lzf,GHSA-5m39-wx2q-mxg3,,2022-11-08T21:42:06Z,,1
ckb,GHSA-7fw6-6mfj-g3q2,,2022-11-02T18:14:30Z,,1
openssl-src,GHSA-8rwr-x37p-mx23,,2022-11-01T17:45:59Z,,1
ckb,GHSA-9mfc-chwf-7whf,,2022-11-02T18:14:01Z,,1
openssl-src,GHSA-h8jm-2x53-xhp5,,2022-11-01T17:45:21Z,,1
ckb,GHSA-mcmr-49x3-4jqm,,2022-11-02T18:15:07Z,,1
Tauri,GHSA-q9wv-22m9-vhqh,,2022-11-08T17:33:26Z,,1
Tauri,GHSA-q9wv-22m9-vhqh,,2022-11-08T17:33:26Z,,1
wasmtime,GHSA-wh6w-3828-g9qf,,2022-11-10T21:16:22Z,,1
linux-loader,GHSA-52h2-m2cf-9jh6,,2022-12-12T22:35:41Z,,1
hyper-staticfile,GHSA-5wvv-q5fv-2388,,2022-12-30T16:57:28Z,,1
hyper-staticfile,GHSA-5wvv-q5fv-2388,,2022-12-30T16:57:28Z,,1
tauri,GHSA-6mv3-wm7j-h4w5,,2022-12-22T20:03:43Z,,1
tauri,GHSA-6mv3-wm7j-h4w5,,2022-12-22T20:03:43Z,,1
tauri,GHSA-6mv3-wm7j-h4w5,,2022-12-22T20:03:43Z,,1
tauri,GHSA-6mv3-wm7j-h4w5,,2022-12-22T20:03:43Z,,1
hyper-staticfile,GHSA-7p7c-pvvx-2vx3,,2022-12-05T22:03:46Z,,1
hyper-staticfile,GHSA-7p7c-pvvx-2vx3,,2022-12-05T22:03:46Z,,1
mpl-bubblegum,GHSA-8r76-fr72-j32w,,2022-12-12T22:02:42Z,,1
mpl-token-metadata,GHSA-8r76-fr72-j32w,,2022-12-12T22:02:42Z,,1
secp256k1,GHSA-969w-q74q-9j8v,,2022-12-08T16:00:29Z,,1
secp256k1,GHSA-969w-q74q-9j8v,,2022-12-08T16:00:29Z,,1
secp256k1,GHSA-969w-q74q-9j8v,,2022-12-08T16:00:29Z,,1
mpl-candy-machine,GHSA-9v25-r5q2-2p6w,,2022-12-12T22:03:19Z,,1
prettytable-rs,GHSA-gfgm-chr3-x6px,,2022-12-30T17:48:30Z,,1
libp2p,GHSA-jvgw-gccv-q5p8,,2022-12-07T20:28:46Z,,1
capnp,GHSA-qqff-4vw4-f6hx,,2022-12-05T17:58:16Z,,1
capnp,GHSA-qqff-4vw4-f6hx,,2022-12-05T17:58:16Z,,1
capnp,GHSA-qqff-4vw4-f6hx,,2022-12-05T17:58:16Z,,1
openssl-src,GHSA-vr8j-hgmm-jh9r,,2022-12-13T18:30:33Z,,1
tendermint-light-client-verifier,GHSA-xqqc-c5gw-c5r5,,2022-12-14T21:35:24Z,,1
tendermint-light-client,GHSA-xqqc-c5gw-c5r5,,2022-12-14T21:35:24Z,,1
tendermint-light-client-js,GHSA-xqqc-c5gw-c5r5,,2022-12-14T21:35:24Z,,1
tokio,GHSA-7rrj-xr53-82p7,,2023-01-06T21:40:58Z,,1
tokio,GHSA-7rrj-xr53-82p7,,2023-01-06T21:40:58Z,,1
tokio,GHSA-7rrj-xr53-82p7,,2023-01-06T21:40:58Z,,1
warp,GHSA-8v4j-7jgf-5rg9,,2023-01-31T23:33:47Z,,1
bzip2,GHSA-96jv-r488-c2rj,,2023-01-10T03:30:29Z,,1
bumpalo,GHSA-f85w-wvc7-crwc,,2023-01-20T21:54:22Z,,1
elf_rs,GHSA-g6pw-999w-j75m,,2023-01-20T22:41:01Z,,1
libgit2-sys,GHSA-m4ch-rfv5-x5g3,,2023-01-20T23:36:41Z,,1
libgit2-sys,GHSA-m4ch-rfv5-x5g3,,2023-01-20T23:36:41Z,,1
git2,GHSA-m4ch-rfv5-x5g3,,2023-01-20T23:36:41Z,,1
webbrowser,GHSA-m589-mv4q-p7rj,,2023-01-13T21:30:26Z,,1
deno,GHSA-mc52-jpm2-cqh6,,2023-01-20T16:56:40Z,,1
cargo,GHSA-r5w3-xm58-jv6j,,2023-01-10T21:09:31Z,,1
openssl-src,GHSA-29xx-hcv2-c4cp,,2023-02-08T22:23:39Z,,1
tokio,GHSA-4q83-7cq4-p6wg,,2023-02-04T00:30:37Z,,1
tokio,GHSA-4q83-7cq4-p6wg,,2023-02-04T00:30:37Z,,1
tokio,GHSA-4q83-7cq4-p6wg,,2023-02-04T00:30:37Z,,1
partial_sort,GHSA-5x36-7567-3cw6,,2023-02-28T20:31:05Z,,1
pnet_packet,GHSA-cf4g-fcf8-3cr9,,2023-02-09T19:27:57Z,,1
ckb,GHSA-fjj4-2q73-jvgc,,2023-02-08T18:15:28Z,,1
remove_dir_all,GHSA-mc8h-8q98-g5hr,,2023-02-24T16:23:59Z,,1
ascii,GHSA-mrrw-grhq-86gf,,2023-02-28T20:30:10Z,,1
ckb,GHSA-p2gm-ffr3-w2xw,,2023-02-08T18:17:06Z,,1
openssl-src,GHSA-p52g-cm5j-mjv4,,2023-02-08T22:31:42Z,,1
openssl-src,GHSA-p52g-cm5j-mjv4,,2023-02-08T22:31:42Z,,1
openssl-src,GHSA-r7jw-wp68-3xch,,2023-02-08T22:28:34Z,,1
openssl-src,GHSA-r7jw-wp68-3xch,,2023-02-08T22:28:34Z,,1
openssl-src,GHSA-v5w6-wcm8-jm4q,,2023-02-08T22:22:58Z,,1
openssl-src,GHSA-v5w6-wcm8-jm4q,,2023-02-08T22:22:58Z,,1
openssl-src,GHSA-vrh7-x64v-7vxq,,2023-02-08T22:21:22Z,,1
openssl-src,GHSA-vxrh-cpg7-8vjr,,2023-02-08T22:22:12Z,,1
openssl-src,GHSA-w67w-mw4j-8qrv,,2023-02-08T22:27:42Z,,1
openssl-src,GHSA-x4qr-2fvf-3mr5,,2023-02-08T22:17:06Z,,1
openssl-src,GHSA-x4qr-2fvf-3mr5,,2023-02-08T22:17:06Z,,1
deno,GHSA-xr9w-x6gw-c9mj,,2023-02-25T06:30:21Z,,1
cortex-m-rt,GHSA-xw5j-gv2g-mjm2,,2023-02-14T21:53:37Z,,1
rmp-serde,GHSA-255r-3prx-mf99,,2023-03-22T22:21:49Z,,1
openssl,GHSA-3gxf-9r58-2ghg,,2023-03-24T22:01:35Z,,1
comrak,GHSA-5r3x-p7xx-x6q5,,2023-03-28T14:45:28Z,,1
openssl,GHSA-6hcf-g6gr-hhcr,,2023-03-24T22:01:23Z,,1
comrak,GHSA-8hqf-xjwp-p67v,,2023-03-28T14:40:29Z,,1
versionize,GHSA-8vxc-r5wp-vgvc,,2023-03-24T22:00:05Z,,1
openssl,GHSA-9qwg-crg9-m2vc,,2023-03-24T22:01:29Z,,1
Deno,GHSA-c25x-cm9x-qqgx,,2023-03-23T23:13:25Z,,1
serde_v8,GHSA-c25x-cm9x-qqgx,,2023-03-23T23:13:25Z,,1
deno_runtime,GHSA-c25x-cm9x-qqgx,,2023-03-23T23:13:25Z,,1
russh,GHSA-cqvm-j2r2-hwpg,,2023-03-17T14:42:45Z,,1
russh,GHSA-cqvm-j2r2-hwpg,,2023-03-17T14:42:45Z,,1
async-nats,GHSA-f5v5-ccqc-6w36,,2023-03-24T21:59:53Z,,1
pallet-evm-precompile-modexp,GHSA-fcmm-54jp-7vf6,,2023-03-21T22:31:30Z,,1
wasmtime,GHSA-ff4p-7xrq-q5r8,,2023-03-09T00:10:53Z,,1
wasmtime,GHSA-ff4p-7xrq-q5r8,,2023-03-09T00:10:53Z,,1
wasmtime,GHSA-ff4p-7xrq-q5r8,,2023-03-09T00:10:53Z,,1
cranelift-codegen,GHSA-ff4p-7xrq-q5r8,,2023-03-09T00:10:53Z,,1
cranelift-codegen,GHSA-ff4p-7xrq-q5r8,,2023-03-09T00:10:53Z,,1
cranelift-codegen,GHSA-ff4p-7xrq-q5r8,,2023-03-09T00:10:53Z,,1
out-reference,GHSA-p7mj-xvxg-grff,,2023-03-13T20:49:24Z,,1
stb_image,GHSA-ppjr-267j-5p9x,,2023-03-20T21:11:58Z,,1
deno_runtime,GHSA-vq67-rp93-65qf,,2023-03-24T22:06:01Z,,1
deno,GHSA-vq67-rp93-65qf,,2023-03-24T22:06:01Z,,1
maligned,GHSA-wm8x-php5-hvq6,,2023-03-07T20:13:19Z,,1
nats,GHSA-wvc4-j7g5-4f79,,2023-03-27T21:12:24Z,,1
wasmtime,GHSA-xm67-587q-r2vw,,2023-03-09T00:09:03Z,,1
wasmtime,GHSA-xm67-587q-r2vw,,2023-03-09T00:09:03Z,,1
wasmtime,GHSA-xm67-587q-r2vw,,2023-03-09T00:09:03Z,,1
cranelift-codegen,GHSA-xm67-587q-r2vw,,2023-03-09T00:09:03Z,,1
cranelift-codegen,GHSA-xm67-587q-r2vw,,2023-03-09T00:09:03Z,,1
cranelift-codegen,GHSA-xm67-587q-r2vw,,2023-03-09T00:09:03Z,,1
comrak,GHSA-xxmq-4vph-956w,,2023-03-28T14:44:04Z,,1
spin,GHSA-2qv5-7mw5-j3cg,,2023-04-03T22:53:18Z,,1
wasmtime,GHSA-ch89-5g45-qwc7,,2023-04-27T17:08:37Z,,1
wasmtime,GHSA-ch89-5g45-qwc7,,2023-04-27T17:08:37Z,,1
wasmtime,GHSA-ch89-5g45-qwc7,,2023-04-27T17:08:37Z,,1
h2,GHSA-f8vr-r385-rh5r,,2023-04-11T15:30:30Z,,1
borsh,GHSA-fjx5-qpf4-xjf2,,2023-04-17T16:32:26Z,,1
ntru,GHSA-fq33-vmhv-48xh,,2023-04-07T19:23:49Z,,1
deno,GHSA-jc97-h3h9-7xh6,,2023-04-03T17:18:51Z,,1
aws-sigv4,GHSA-mjv9-vp6w-3rc9,,2023-04-26T16:01:10Z,,1
aws-sigv4,GHSA-mjv9-vp6w-3rc9,,2023-04-26T16:01:10Z,,1
aws-sigv4,GHSA-mjv9-vp6w-3rc9,,2023-04-26T16:01:10Z,,1
aws-sigv4,GHSA-mjv9-vp6w-3rc9,,2023-04-26T16:01:10Z,,1
aws-sigv4,GHSA-mjv9-vp6w-3rc9,,2023-04-26T16:01:10Z,,1
aws-sigv4,GHSA-mjv9-vp6w-3rc9,,2023-04-26T16:01:10Z,,1
aws-sigv4,GHSA-mjv9-vp6w-3rc9,,2023-04-26T16:01:10Z,,1
aws-sigv4,GHSA-mjv9-vp6w-3rc9,,2023-04-26T16:01:10Z,,1
aws-sigv4,GHSA-mjv9-vp6w-3rc9,,2023-04-26T16:01:10Z,,1
aws-sigv4,GHSA-mjv9-vp6w-3rc9,,2023-04-26T16:01:10Z,,1
aws-sigv4,GHSA-mjv9-vp6w-3rc9,,2023-04-26T16:01:10Z,,1
aws-sigv4,GHSA-mjv9-vp6w-3rc9,,2023-04-26T16:01:10Z,,1
aws-sigv4,GHSA-mjv9-vp6w-3rc9,,2023-04-26T16:01:10Z,,1
aws-sigv4,GHSA-mjv9-vp6w-3rc9,,2023-04-26T16:01:10Z,,1
aws-sigv4,GHSA-mjv9-vp6w-3rc9,,2023-04-26T16:01:10Z,,1
aws-sigv4,GHSA-mjv9-vp6w-3rc9,,2023-04-26T16:01:10Z,,1
aws-sigv4,GHSA-mjv9-vp6w-3rc9,,2023-04-26T16:01:10Z,,1
aws-sigv4,GHSA-mjv9-vp6w-3rc9,,2023-04-26T16:01:10Z,,1
aws-sigv4,GHSA-mjv9-vp6w-3rc9,,2023-04-26T16:01:10Z,,1
aws-sigv4,GHSA-mjv9-vp6w-3rc9,,2023-04-26T16:01:10Z,,1
aws-sigv4,GHSA-mjv9-vp6w-3rc9,,2023-04-26T16:01:10Z,,1
aws-sigv4,GHSA-mjv9-vp6w-3rc9,,2023-04-26T16:01:10Z,,1
aws-sigv4,GHSA-mjv9-vp6w-3rc9,,2023-04-26T16:01:10Z,,1
enumflags2,GHSA-qvc4-78gw-pv8p,,2023-04-24T16:47:24Z,,1
tauri,GHSA-4wm2-cwcf-wwvp,,2023-05-03T21:57:22Z,,1
tauri,GHSA-4wm2-cwcf-wwvp,,2023-05-03T21:57:22Z,,1
tauri,GHSA-4wm2-cwcf-wwvp,,2023-05-03T21:57:22Z,,1
microbin,GHSA-mphm-gqh9-q59x,,2023-05-04T03:30:22Z,,1
ntpd,GHSA-qwhm-h7v3-mrjx,,2023-05-25T17:01:12Z,,1
deno,GHSA-vc52-gwm3-8v2f,,2023-05-31T23:39:40Z,,1
deno_runtime,GHSA-vc52-gwm3-8v2f,,2023-05-31T23:39:40Z,,1
sccache,GHSA-x7fr-pg8f-93f5,,2023-05-30T20:06:02Z,,1
sequoia-openpgp,GHSA-25mx-8f3v-8wh7,,2023-06-06T01:58:04Z,,1
sequoia-openpgp,GHSA-25mx-8f3v-8wh7,,2023-06-06T01:58:04Z,,1
sequoia-openpgp,GHSA-25mx-8f3v-8wh7,,2023-06-06T01:58:04Z,,1
buffered-reader,GHSA-29mf-62xx-28jq,,2023-06-06T01:58:41Z,,1
buffered-reader,GHSA-29mf-62xx-28jq,,2023-06-06T01:58:41Z,,1
trust-dns-server,GHSA-5fm9-h728-fwpj,,2023-06-06T02:06:23Z,,1
trust-dns-server,GHSA-5fm9-h728-fwpj,,2023-06-06T02:06:23Z,,1
xml-rs,GHSA-7gf7-jv65-wjmh,,2023-06-05T06:30:15Z,,1
ink,GHSA-853p-5678-hv8f,,2023-06-14T20:11:38Z,,1
ink_env,GHSA-853p-5678-hv8f,,2023-06-14T20:11:38Z,,1
ouroboros,GHSA-87mf-9wg6-ppf8,,2023-06-12T18:52:23Z,,1
urlnorm,GHSA-fqhp-rhm6-8rrj,,2023-06-21T21:30:25Z,,1
cyfs-base,GHSA-g753-ghr7-q33w,,2023-06-22T20:01:55Z,,1
atty,GHSA-g98v-hv3f-hcfr,,2023-06-30T20:21:59Z,,1
s2n-quic,GHSA-hxq4-mx37-fqvg,,2023-06-30T22:11:42Z,,1
git-url-parse,GHSA-qfh9-8p57-mjjj,,2023-06-12T15:30:28Z,,1
memoffset,GHSA-wfg4-322g-9vqv,,2023-06-21T22:06:29Z,,1
tauri,GHSA-wmff-grcw-jcfm,,2023-06-21T18:35:21Z,,1
openssl,GHSA-xcf7-rvmh-g6q4,,2023-06-21T22:07:52Z,,1
twitch-tui,GHSA-779w-xvpm-78jx,,2023-07-31T22:02:54Z,,1
topgrade,GHSA-f2wx-xjfw-xjv6,,2023-07-17T18:21:58Z,,1
lmdb-rs,GHSA-f9g6-fp84-fv92,,2023-07-19T22:09:38Z,,1
intaglio,GHSA-gch5-hwqf-mxhp,,2023-07-27T19:29:41Z,,1
s2n-quic,GHSA-rfhg-rjfp-9q8q,,2023-07-24T22:43:05Z,,1
ostree,GHSA-x96g-95fq-4xv4,,2023-07-18T15:30:36Z,,1
ntpd,GHSA-37xq-q42p-rv3p,,2023-08-24T22:18:39Z,,1
webpki,GHSA-8qv2-5vq6-g2g7,,2023-08-25T00:12:39Z,,1
lol-html,GHSA-c3x7-354f-4p2x,,2023-08-09T13:17:53Z,,1
rustls-webpki,GHSA-fh2r-99q2-6mmg,,2023-08-22T18:06:15Z,,1
rustls-webpki,GHSA-fh2r-99q2-6mmg,,2023-08-22T18:06:15Z,,1
odoh-rs,GHSA-gpcv-p28p-fv2p,,2023-08-03T16:35:20Z,,1
cargo,GHSA-j3xp-wfr4-hx87,,2023-08-03T16:30:52Z,,1
mail-internals,GHSA-rcx8-48pc-v9q8,,2023-08-24T22:20:47Z,,1
ed25519-dalek,GHSA-w5vr-6qhr-36cc,,2023-08-14T21:10:29Z,,1
cargo,GHSA-wrrj-h57r-vx9p,,2023-08-24T22:15:51Z,,1
zola,GHSA-xvv9-5j67-3rpq,,2023-08-14T03:30:32Z,,1
sudo-rs,GHSA-2r3c-m6v7-9354,,2023-09-21T17:07:15Z,,1
inventory,GHSA-36xm-35qq-795w,,2023-09-11T20:43:41Z,,1
aes-gcm,GHSA-423w-p2w9-r7vq,,2023-09-22T16:11:47Z,,1
vm-memory,GHSA-49hh-fprx-m68g,,2023-09-04T16:35:37Z,,1
bcder,GHSA-6jmw-6mxw-w4jc,,2023-09-13T15:31:14Z,,1
tungstenite,GHSA-9mcr-873m-xcxp,,2023-09-21T06:30:25Z,,1
lexical,GHSA-c2hm-mjxv-89r4,,2023-09-04T17:02:00Z,,1
blurhash,GHSA-cxvp-82cq-57h2,,2023-09-21T17:10:22Z,,1
inventory,GHSA-ghc8-5cgm-5rpf,,2023-09-11T20:43:17Z,,1
wasmtime,GHSA-gw5p-q8mj-p7gh,,2023-09-14T19:33:17Z,,1
wasmtime,GHSA-gw5p-q8mj-p7gh,,2023-09-14T19:33:17Z,,1
wasmtime,GHSA-gw5p-q8mj-p7gh,,2023-09-14T19:33:17Z,,1
libwebp-sys2,GHSA-j7hp-h8jx-5ppr,,2023-09-12T15:30:20Z,,1
libwebp-sys,GHSA-j7hp-h8jx-5ppr,,2023-09-12T15:30:20Z,,1
webp,GHSA-j7hp-h8jx-5ppr,,2023-09-12T15:30:20Z,,1
users,GHSA-jcr6-4frq-9gjj,,2023-09-11T20:43:31Z,,1
quinn-proto,GHSA-q8wc-j5m9-27w3,,2023-09-21T17:16:54Z,,1
gix-transport,GHSA-rrjw-j4m2-mf34,,2023-09-25T20:21:16Z,,1
sqlpage,GHSA-v5wf-jg37-r9m5,,2023-09-21T17:10:06Z,,1
apollo-router,GHSA-w8vq-3hf9-xppx,,2023-09-07T12:58:29Z,,1
phonenumber,GHSA-whhr-7f2w-qqj2,,2023-09-21T17:10:57Z,,1
phonenumber,GHSA-whhr-7f2w-qqj2,,2023-09-21T17:10:57Z,,1
tauri-cli,GHSA-2rcp-jvr4-r259,,2023-10-20T15:18:52Z,,1
tauri-cli,GHSA-2rcp-jvr4-r259,,2023-10-20T15:18:52Z,,1
stellar-strkey,GHSA-5873-6fwq-463f,,2023-10-25T14:09:10Z,,1
cocoon,GHSA-6878-6wc2-pf5h,,2023-10-24T19:22:26Z,,1
rustix,GHSA-c827-hfw6-qwvm,,2023-10-18T18:27:47Z,,1
rustix,GHSA-c827-hfw6-qwvm,,2023-10-18T18:27:47Z,,1
rustix,GHSA-c827-hfw6-qwvm,,2023-10-18T18:27:47Z,,1
rustix,GHSA-c827-hfw6-qwvm,,2023-10-18T18:27:47Z,,1
pleaser,GHSA-cgf8-h3fp-h956,,2023-10-20T06:30:19Z,,1
apollo-router,GHSA-r344-xw3p-2frj,,2023-10-19T16:08:10Z,,1
s2n-quic,GHSA-475v-pq2g-fp9g,,2023-11-08T15:03:09Z,,1
self_cell,GHSA-48m6-wm5p-rr6h,,2023-11-14T18:32:20Z,,1
self_cell,GHSA-48m6-wm5p-rr6h,,2023-11-14T18:32:20Z,,1
rsa,GHSA-4grx-2x9w-596c,,2023-11-28T23:28:25Z,,1
rsa,GHSA-c38w-74pg-36hr,,2023-11-28T23:28:27Z,,1
rusty-paseto,GHSA-j57r-4qw6-58r3,,2023-11-07T23:44:25Z,,1
openssl,GHSA-xphf-cx8h-7q9g,,2023-11-28T20:51:08Z,,1
zerocopy,GHSA-3mv5-343c-w2qg,,2023-12-15T03:48:38Z,,1
zerocopy,GHSA-3mv5-343c-w2qg,,2023-12-15T03:48:38Z,,1
zerocopy,GHSA-3mv5-343c-w2qg,,2023-12-15T03:48:38Z,,1
zerocopy,GHSA-3mv5-343c-w2qg,,2023-12-15T03:48:38Z,,1
zerocopy,GHSA-3mv5-343c-w2qg,,2023-12-15T03:48:38Z,,1
zerocopy,GHSA-3mv5-343c-w2qg,,2023-12-15T03:48:38Z,,1
russh,GHSA-45x7-px36-x8w8,,2023-12-18T19:22:09Z,,1
wasmer-cli,GHSA-4mq4-7rw3-vm5j,,2023-12-13T13:32:38Z,,1
pubnub,GHSA-5844-q3fc-56rh,,2023-12-06T06:30:20Z,,1
rosenpass,GHSA-6ggr-cwv4-g7qg,,2023-12-21T23:15:57Z,,1
candid,GHSA-7787-p7x6-fq3j,,2023-12-08T15:23:22Z,,1
tokio-boring,GHSA-pjrj-h4fg-6gm4,,2023-12-05T23:42:49Z,,1
unsafe-libyaml,GHSA-r24f-hg58-vfrw,,2023-12-21T18:14:34Z,,1
zerocopy,GHSA-rjhf-4mh8-9xjq,,2023-12-18T19:18:46Z,,1
zerocopy,GHSA-rjhf-4mh8-9xjq,,2023-12-18T19:18:46Z,,1
zerocopy,GHSA-rjhf-4mh8-9xjq,,2023-12-18T19:18:46Z,,1
zerocopy,GHSA-rjhf-4mh8-9xjq,,2023-12-18T19:18:46Z,,1
zerocopy,GHSA-rjhf-4mh8-9xjq,,2023-12-18T19:18:46Z,,1
zerocopy,GHSA-rjhf-4mh8-9xjq,,2023-12-18T19:18:46Z,,1
quiche,GHSA-w3vp-jw9m-f9pm,,2023-12-13T13:34:55Z,,1
birdcage,GHSA-wj7f-468m-6mv8,,2023-12-01T22:46:37Z,,1
surrealdb,GHSA-x5fr-7hhj-34j3,,2023-12-15T03:46:36Z,,1
evm,GHSA-27wg-99g8-2v4v,,2024-01-03T21:48:34Z,,1
anoncreds-clsignatures,GHSA-2q6j-gqc4-4gw3,,2024-01-16T21:13:36Z,,1
ursa,GHSA-2q6j-gqc4-4gw3,,2024-01-16T21:13:36Z,,1
evm,GHSA-4jwq-572w-4388,,2024-01-30T23:55:38Z,,1
evm-core,GHSA-4jwq-572w-4388,,2024-01-30T23:55:38Z,,1
evm,GHSA-4jwq-572w-4388,,2024-01-30T23:55:38Z,,1
evm,GHSA-4jwq-572w-4388,,2024-01-30T23:55:38Z,,1
evm,GHSA-4jwq-572w-4388,,2024-01-30T23:55:38Z,,1
evm,GHSA-4jwq-572w-4388,,2024-01-30T23:55:38Z,,1
evm,GHSA-4jwq-572w-4388,,2024-01-30T23:55:38Z,,1
evm-core,GHSA-4jwq-572w-4388,,2024-01-30T23:55:38Z,,1
evm-core,GHSA-4jwq-572w-4388,,2024-01-30T23:55:38Z,,1
evm-core,GHSA-4jwq-572w-4388,,2024-01-30T23:55:38Z,,1
evm-core,GHSA-4jwq-572w-4388,,2024-01-30T23:55:38Z,,1
evm-core,GHSA-4jwq-572w-4388,,2024-01-30T23:55:38Z,,1
surrealdb,GHSA-58j9-j2fj-v8f4,,2024-01-19T20:31:21Z,,1
ursa,GHSA-6698-mhxx-r84g,,2024-01-16T21:13:40Z,,1
anoncreds-clsignatures,GHSA-6698-mhxx-r84g,,2024-01-16T21:13:40Z,,1
surrealdb,GHSA-6r8p-hpg7-825g,,2024-01-18T15:55:18Z,,1
snow,GHSA-7g9j-g5jg-3vv3,,2024-01-24T20:53:48Z,,1
vmm-sys-util,GHSA-875g-mfp6-g7f9,,2024-01-02T16:28:08Z,,1
tracing,GHSA-8f24-6m29-wm2r,,2024-01-17T20:32:35Z,,1
h2,GHSA-8r5v-vm4m-4g25,,2024-01-19T15:24:56Z,,1
h2,GHSA-8r5v-vm4m-4g25,,2024-01-19T15:24:56Z,,1
trillium-http,GHSA-9f9p-cp3c-72jf,,2024-01-24T20:20:38Z,,1
trillium-client,GHSA-9f9p-cp3c-72jf,,2024-01-24T20:20:38Z,,1
rust-i18n-support,GHSA-c8v3-jhv9-4ppc,,2024-01-23T20:10:48Z,,1
surrealdb,GHSA-jm4v-58r5-66hj,,2024-01-18T15:44:51Z,,1
surrealdb,GHSA-m24x-r6q3-2vp9,,2024-01-18T15:48:48Z,,1
safe_pqc_kyber,GHSA-p4v8-jgcv-9g75,,2024-01-03T21:40:45Z,,1
lemmy_server,GHSA-r64r-5h43-26qv,,2024-01-24T21:13:39Z,,1
ursa,GHSA-r78f-4q2q-hvv4,,2024-01-16T21:13:43Z,,1
anoncreds-clsignatures,GHSA-r78f-4q2q-hvv4,,2024-01-16T21:13:43Z,,1
shlex,GHSA-r7qv-8r2h-pg27,,2024-01-22T21:21:30Z,,1
ferris-says,GHSA-v363-rrf2-5fmj,,2024-01-17T20:31:11Z,,1
ferris-says,GHSA-v363-rrf2-5fmj,,2024-01-17T20:31:11Z,,1
threadalone,GHSA-w59h-378f-2frm,,2024-01-23T14:43:35Z,,1
libgit2-sys,GHSA-22q8-ghmq-63vf,,2024-02-12T15:42:14Z,,1
ckb,GHSA-29c2-65rj-h343,,2024-02-03T00:29:06Z,,1
ckb,GHSA-29c2-65rj-h343,,2024-02-03T00:29:06Z,,1
ckb,GHSA-29c2-65rj-h343,,2024-02-03T00:29:06Z,,1
ckb,GHSA-29c2-65rj-h343,,2024-02-03T00:29:06Z,,1
ckb,GHSA-29c2-65rj-h343,,2024-02-03T00:29:06Z,,1
ckb,GHSA-3gjh-29fv-8hr6,,2024-02-03T00:18:10Z,,1
eza,GHSA-3qx3-6hxr-j2ch,,2024-02-08T18:47:28Z,,1
surrealdb,GHSA-6wr5-jmpr-mjcx,,2024-02-21T00:03:06Z,,1
svix,GHSA-747x-5m58-mq97,,2024-02-13T06:30:28Z,,1
ckb,GHSA-84x2-2qv6-qg56,,2024-02-02T22:21:27Z,,1
surrealdb,GHSA-8xff-473h-f863,,2024-02-21T00:00:54Z,,1
libpulse-binding,GHSA-f56g-chqp-22m9,,2024-02-03T00:28:45Z,,1
ckb,GHSA-h4c3-5275-vrmg,,2024-02-03T00:29:02Z,,1
wasmtime,GHSA-h84q-m8rr-3v9q,,2024-02-01T00:15:47Z,,1
wasmtime,GHSA-h84q-m8rr-3v9q,,2024-02-01T00:15:47Z,,1
ckb,GHSA-hjqq-29pw-96wj,,2024-02-02T22:23:11Z,,1
ckb,GHSA-hjqq-29pw-96wj,,2024-02-02T22:23:11Z,,1
ckb,GHSA-pr39-8257-fxc2,,2024-02-02T22:22:42Z,,1
surrealdb,GHSA-q3gg-m8hr-h4x4,,2024-02-21T00:04:05Z,,1
ckb,GHSA-q669-2vfg-cxcg,,2024-02-02T20:59:17Z,,1
ckb,GHSA-q73f-w3h7-7wcc,,2024-02-03T00:18:13Z,,1
ckb,GHSA-r9rv-9mh8-pxf4,,2024-02-02T22:23:07Z,,1
serde-json-wasm,GHSA-rr69-rxr6-8qwf,,2024-02-09T16:03:32Z,,1
serde-json-wasm,GHSA-rr69-rxr6-8qwf,,2024-02-09T16:03:32Z,,1
svix,GHSA-w277-wpqf-rcfv,,2024-02-06T20:30:14Z,,1
ckb,GHSA-wjxc-pjx9-4wvm,,2024-02-03T00:18:06Z,,1
pqc_kyber,GHSA-x5j2-g63m-f8g4,,2024-02-09T16:19:53Z,,1
tls-listener,GHSA-2qph-qpvm-2qf7,,2024-03-15T19:57:22Z,,1
deno,GHSA-3j27-563v-28wf,,2024-03-06T17:04:29Z,,1
eza,GHSA-3xc6-7h59-j2x4,,2024-03-06T00:31:27Z,,1
deno,GHSA-5frw-4rwq-xhcr,,2024-03-06T17:03:36Z,,1
deno,GHSA-6q4w-9x56-rmwq,,2024-03-06T17:04:08Z,,1
aliyundrive-webdav,GHSA-73v2-rxqp-7q4f,,2024-03-29T18:30:42Z,,1
wasmi,GHSA-75jp-vq8x-h4cq,,2024-03-07T17:26:27Z,,1
quiche,GHSA-78wx-jg4j-5j6g,,2024-03-13T15:39:40Z,,1
quiche,GHSA-78wx-jg4j-5j6g,,2024-03-13T15:39:40Z,,1
apollo-router,GHSA-cgqf-3cq5-wvcj,,2024-03-06T18:24:17Z,,1
deno,GHSA-hrqr-jv8w-v9jh,,2024-03-05T16:19:44Z,,1
deno,GHSA-m4pq-fv2w-6hrw,,2024-03-05T20:54:14Z,,1
deno_runtime,GHSA-m4pq-fv2w-6hrw,,2024-03-05T20:54:14Z,,1
mio,GHSA-r8w9-5wcg-vfj7,,2024-03-04T20:44:35Z,,1
deno,GHSA-wrqv-pf6j-mqjp,,2024-03-05T20:49:14Z,,1
quiche,GHSA-xhg9-xwch-vr7x,,2024-03-13T15:38:21Z,,1
quiche,GHSA-xhg9-xwch-vr7x,,2024-03-13T15:38:21Z,,1
eyre,GHSA-4v52-7q2x-v4xj,,2024-04-05T15:08:53Z,,1
transpose,GHSA-5gmm-6m36-r7jh,,2024-04-05T15:41:34Z,,1
rustls,GHSA-6g7w-8wpp-frhj,,2024-04-19T19:46:57Z,,1
rustls,GHSA-6g7w-8wpp-frhj,,2024-04-19T19:46:57Z,,1
rustls,GHSA-6g7w-8wpp-frhj,,2024-04-19T19:46:57Z,,1
rustls,GHSA-6g7w-8wpp-frhj,,2024-04-19T19:46:57Z,,1
wasmtime,GHSA-75hq-h6g9-h4q5,,2024-04-02T21:09:23Z,,1
cosmwasm-std,GHSA-8724-5xmm-w5xq,,2024-04-24T17:37:59Z,,1
cosmwasm-std,GHSA-8724-5xmm-w5xq,,2024-04-24T17:37:59Z,,1
cosmwasm-std,GHSA-8724-5xmm-w5xq,,2024-04-24T17:37:59Z,,1
gix-transport,GHSA-98p4-xjmm-8mfh,,2024-04-15T19:33:03Z,,1
gix,GHSA-98p4-xjmm-8mfh,,2024-04-15T19:33:03Z,,1
gitoxide,GHSA-98p4-xjmm-8mfh,,2024-04-15T19:33:03Z,,1
libdav1d-sys,GHSA-mc39-h54g-pvw6,,2024-04-05T15:42:39Z,,1
h2,GHSA-q6cp-qfwq-4gcv,,2024-04-05T15:05:32Z,,1
h2,GHSA-q6cp-qfwq-4gcv,,2024-04-05T15:05:32Z,,1
whoami,GHSA-w5w5-8vfh-xcjq,,2024-04-05T15:39:19Z,,1
hpack,GHSA-w7hm-hmxv-pvhf,,2024-04-05T15:06:27Z,,1
cassandra-cpp,GHSA-x9xc-63hg-vcfq,,2024-04-05T15:00:55Z,,1
crayon,GHSA-xfhw-6mc4-mgxf,,2024-04-05T15:40:40Z,,1
deno,GHSA-23rx-c3g5-hv9w,,2024-05-08T14:33:16Z,,1
yamux,GHSA-3999-5ffv-wp2r,,2024-05-01T16:40:49Z,,1
ic-stable-structures,GHSA-3rcq-39xp-7xjp,,2024-05-21T14:49:48Z,,1
gix-worktree-state,GHSA-49jc-r788-3fc9,,2024-05-22T14:13:24Z,,1
gitoxide,GHSA-49jc-r788-3fc9,,2024-05-22T14:13:24Z,,1
gix-worktree,GHSA-49jc-r788-3fc9,,2024-05-22T14:13:24Z,,1
gitoxide-core,GHSA-49jc-r788-3fc9,,2024-05-22T14:13:24Z,,1
gix,GHSA-49jc-r788-3fc9,,2024-05-22T14:13:24Z,,1
gix-ref,GHSA-49jc-r788-3fc9,,2024-05-22T14:13:24Z,,1
gix-index,GHSA-49jc-r788-3fc9,,2024-05-22T14:13:24Z,,1
tauri,GHSA-57fm-592m-34r7,,2024-05-23T14:11:24Z,,1
tauri,GHSA-57fm-592m-34r7,,2024-05-23T14:11:24Z,,1
gix-worktree-state,GHSA-7w47-3wg8-547c,,2024-05-22T14:05:58Z,,1
gitoxide,GHSA-7w47-3wg8-547c,,2024-05-22T14:05:58Z,,1
gix-fs,GHSA-7w47-3wg8-547c,,2024-05-22T14:05:58Z,,1
gix-worktree,GHSA-7w47-3wg8-547c,,2024-05-22T14:05:58Z,,1
gix,GHSA-7w47-3wg8-547c,,2024-05-22T14:05:58Z,,1
gitoxide-core,GHSA-7w47-3wg8-547c,,2024-05-22T14:05:58Z,,1
gix-index,GHSA-7w47-3wg8-547c,,2024-05-22T14:05:58Z,,1
arti,GHSA-9328-gcfq-p269,,2024-05-18T00:30:42Z,,1
tor-circmgr,GHSA-9328-gcfq-p269,,2024-05-18T00:30:42Z,,1
matrix-sdk-crypto,GHSA-9ggc-845v-gcgv,,2024-05-13T16:04:37Z,,1
vodozemac,GHSA-c3hm-hxwf-g5c6,,2024-05-03T19:34:07Z,,1
tor-circmgr,GHSA-c96h-cxx6-rmg9,,2024-05-18T00:30:42Z,,1
arti,GHSA-c96h-cxx6-rmg9,,2024-05-18T00:30:42Z,,1
spin-sdk,GHSA-f3h7-gpjj-wcvh,,2024-05-08T17:50:49Z,,1
apollo-router,GHSA-q9p4-hw9m-fj2v,,2024-05-02T08:20:00Z,,1
static-web-server,GHSA-rwfq-v4hq-h7fg,,2024-05-01T16:39:24Z,,1
nano-id,GHSA-2hfw-w739-p7x5,,2024-06-04T17:49:18Z,,1
ntpd,GHSA-2xpx-vcmq-5f72,,2024-06-28T21:05:52Z,,1
s2n-tls,GHSA-52xf-5p2m-9wrv,,2024-06-06T14:26:18Z,,1
wasmer,GHSA-55f3-3qvg-8pv5,,2024-06-07T19:40:00Z,,1
rhai,GHSA-67fv-9r7g-432h,,2024-06-13T18:31:59Z,,1
sequoia-openpgp,GHSA-9344-p847-qm5c,,2024-06-26T19:10:15Z,,1
nano-id,GHSA-9hc7-6w9r-wj94,,2024-06-04T18:40:34Z,,1
curve25519-dalek,GHSA-x4gp-pqpj-f43q,,2024-06-18T21:56:24Z,,1
qdrant,GHSA-xcr2-h8hv-6227,,2024-06-02T22:30:10Z,,1
matrix-sdk-crypto,GHSA-4qg4-cvh2-crgg,,2024-07-18T15:28:07Z,,1
risc0-zkvm,GHSA-5xgj-pmjj-gw49,,2024-07-15T18:32:22Z,,1
xmp_toolkit,GHSA-66fw-43h8-f8p3,,2024-07-26T21:14:54Z,,1
zerovec-derive,GHSA-74r5-g7vc-j2v2,,2024-07-08T18:39:18Z,,1
zerovec-derive,GHSA-74r5-g7vc-j2v2,,2024-07-08T18:39:18Z,,1
object_store,GHSA-c2hf-vcmr-qjrf,,2024-07-23T18:31:07Z,,1
gix-attributes,GHSA-cx7h-h87r-jpgr,,2024-07-25T16:38:42Z,,1
surrealdb,GHSA-gh9f-6xm2-c4j2,,2024-07-11T13:19:19Z,,1
surrealdb,GHSA-gh9f-6xm2-c4j2,,2024-07-11T13:19:19Z,,1
surrealdb-core,GHSA-gh9f-6xm2-c4j2,,2024-07-11T13:19:19Z,,1
vodozemac,GHSA-j8cm-g7r6-hfpq,,2024-07-17T18:30:55Z,,1
gix-path,GHSA-mgvv-9p9g-3jv4,,2024-07-18T15:26:04Z,,1
phonenumber,GHSA-mjw4-jj88-v687,,2024-07-09T14:13:48Z,,1
biscuit-auth,GHSA-p9w4-585h-g3c7,,2024-07-31T21:15:41Z,,1
openssl,GHSA-q445-7m23-qrmw,,2024-07-22T17:34:53Z,,1
starship,GHSA-vx24-x4mv-vwr5,,2024-07-26T21:24:18Z,,1
zerovec,GHSA-xrv3-jmcp-374j,,2024-07-08T18:36:40Z,,1
zerovec,GHSA-xrv3-jmcp-374j,,2024-07-08T18:36:40Z,,1
cosmwasm-vm,GHSA-75qh-gg76-p2w4,,2024-08-27T19:55:40Z,,1
cosmwasm-vm,GHSA-75qh-gg76-p2w4,,2024-08-27T19:55:40Z,,1
cosmwasm-vm,GHSA-75qh-gg76-p2w4,,2024-08-27T19:55:40Z,,1
cosmwasm-vm,GHSA-75qh-gg76-p2w4,,2024-08-27T19:55:40Z,,1
alloy-json-abi,GHSA-8327-84cj-8xjm,,2024-08-15T22:10:06Z,,1
s2n-tls,GHSA-857q-xmph-p2v5,,2024-08-09T20:41:38Z,,1
gitoxide-core,GHSA-88g2-r9rw-g55h,,2024-08-22T16:41:28Z,,1
gitoxide,GHSA-88g2-r9rw-g55h,,2024-08-22T16:41:28Z,,1
boa_engine,GHSA-f67q-wr6w-23jq,,2024-08-14T20:49:51Z,,1
apollo-router,GHSA-fmj9-77q8-g6c4,,2024-08-27T18:14:12Z,,1
cosmwasm-vm,GHSA-rg2q-2jh9-447q,,2024-08-08T16:30:50Z,,1
cosmwasm-vm,GHSA-rg2q-2jh9-447q,,2024-08-08T16:30:50Z,,1
cosmwasm-vm,GHSA-rg2q-2jh9-447q,,2024-08-08T16:30:50Z,,1
miniscript,GHSA-rv9v-r4vm-gj8x,,2024-08-19T03:30:48Z,,1
miniscript,GHSA-rv9v-r4vm-gj8x,,2024-08-19T03:30:48Z,,1
miniscript,GHSA-rv9v-r4vm-gj8x,,2024-08-19T03:30:48Z,,1
miniscript,GHSA-rv9v-r4vm-gj8x,,2024-08-19T03:30:48Z,,1
russh,GHSA-vgvv-x7xg-6cqg,,2024-08-14T21:18:20Z,,1
diesel,GHSA-wq9x-qwcq-mmgf,,2024-08-23T18:51:20Z,,1
apollo-router,GHSA-x6xq-whh3-gg32,,2024-08-27T18:14:29Z,,1
sqlx,GHSA-xmrp-424f-vfpx,,2024-08-19T16:02:04Z,,1
lexical-core,GHSA-2326-pfpj-vx3h,,2024-09-16T17:19:01Z,,1
ouch,GHSA-2wq5-g96f-mv3v,,2024-09-23T20:47:27Z,,1
surrealdb,GHSA-64f8-pjgr-9wmr,,2024-09-11T19:20:07Z,,1
surrealdb-core,GHSA-64f8-pjgr-9wmr,,2024-09-11T19:20:07Z,,1
surrealdb,GHSA-64f8-pjgr-9wmr,,2024-09-11T19:20:07Z,,1
aardvark-dns,GHSA-g5jh-57wm-p79m,,2024-09-04T15:30:36Z,,1
pagefind,GHSA-gprj-6m2f-j9hx,,2024-09-03T19:33:36Z,,1
gix-path,GHSA-m8rp-vv92-46c7,,2024-09-06T19:55:24Z,,1
olm-sys,GHSA-p2q9-36vw-c468,,2024-09-03T21:11:21Z,,1
ic_cdk,GHSA-rwq6-crjg-9cpw,,2024-09-05T16:44:27Z,,1
ic_cdk,GHSA-rwq6-crjg-9cpw,,2024-09-05T16:44:27Z,,1
ic_cdk,GHSA-rwq6-crjg-9cpw,,2024-09-05T16:44:27Z,,1
ic_cdk,GHSA-rwq6-crjg-9cpw,,2024-09-05T16:44:27Z,,1
ic_cdk,GHSA-rwq6-crjg-9cpw,,2024-09-05T16:44:27Z,,1
ic_cdk,GHSA-rwq6-crjg-9cpw,,2024-09-05T16:44:27Z,,1
ic_cdk,GHSA-rwq6-crjg-9cpw,,2024-09-05T16:44:27Z,,1
ic_cdk,GHSA-rwq6-crjg-9cpw,,2024-09-05T16:44:27Z,,1
gix-path,GHSA-v26r-4c9c-h3j6,,2024-09-03T20:21:14Z,,1
quinn-proto,GHSA-vr26-jcq5-fjj8,,2024-09-03T20:49:26Z,,1
sqlite-vec,GHSA-vrcx-gx3g-j3h8,,2024-09-25T18:31:21Z,,1
tonic,GHSA-4jwc-w2hc-78qv,,2024-10-01T22:27:58Z,,1
async-graphql,GHSA-5gc2-7c65-8fq8,,2024-10-03T18:27:11Z,,1
pyo3,GHSA-6jgw-rgmm-7cv6,,2024-10-15T15:30:56Z,,1
wasmtime,GHSA-7qmx-3fpx-r45m,,2024-10-09T19:14:35Z,,1
wasmtime,GHSA-7qmx-3fpx-r45m,,2024-10-09T19:14:35Z,,1
wasmtime,GHSA-7qmx-3fpx-r45m,,2024-10-09T19:14:35Z,,1
wasmtime,GHSA-7qmx-3fpx-r45m,,2024-10-09T19:14:35Z,,1
wasmtime,GHSA-7qmx-3fpx-r45m,,2024-10-09T19:14:35Z,,1
surrealdb,GHSA-9722-9j67-vjcr,,2024-10-08T22:21:09Z,,1
surrealdb-core,GHSA-9722-9j67-vjcr,,2024-10-08T22:21:09Z,,1
sp1-recursion-gnark-ffi,GHSA-f77q-r5qm-w4m8,,2024-10-29T15:37:50Z,,1
pyo3,GHSA-f8x4-f32r-w556,,2024-10-15T14:08:25Z,,1
dbn,GHSA-pfr9-2p92-qrhq,,2024-10-09T14:34:24Z,,1
wasmtime,GHSA-q8hx-mm92-4wvg,,2024-10-09T19:14:03Z,,1
wasmtime,GHSA-q8hx-mm92-4wvg,,2024-10-09T19:14:03Z,,1
wasmtime,GHSA-q8hx-mm92-4wvg,,2024-10-09T19:14:03Z,,1
wasmtime,GHSA-q8hx-mm92-4wvg,,2024-10-09T19:14:03Z,,1
wasmtime,GHSA-q8hx-mm92-4wvg,,2024-10-09T19:14:03Z,,1
surrealdb,GHSA-qjrv-v6qp-x99x,,2024-10-08T22:20:02Z,,1
surrealdb-core,GHSA-qjrv-v6qp-x99x,,2024-10-08T22:20:02Z,,1
cocoon,GHSA-r2jw-c95q-rj29,,2024-10-02T06:30:26Z,,1
cggmp21-keygen,GHSA-7jjx-3qw9-j6h6,,2024-11-12T20:53:00Z,,1
loona-hpack,GHSA-7vm6-qwh5-9x44,,2024-11-04T23:22:33Z,,1
jj-lib,GHSA-88h5-6w7m-5w56,,2024-11-07T16:18:44Z,,1
sp1-recursion-circuit,GHSA-8m24-3cfx-9fjw,,2024-11-08T16:44:15Z,,1
wasmtime,GHSA-c2f5-jxjv-2hh8,,2024-11-05T22:18:49Z,,1
wasmtime,GHSA-c2f5-jxjv-2hh8,,2024-11-05T22:18:49Z,,1
wasmtime,GHSA-c2f5-jxjv-2hh8,,2024-11-05T22:18:49Z,,1
wasm3,GHSA-fmq6-4w57-2w3v,,2024-11-09T00:30:42Z,,1
paillier-zk,GHSA-fpr5-jp2j-4q2f,,2024-11-12T21:20:26Z,,1
mimalloc,GHSA-g23h-7vf9-xc25,,2024-11-12T21:21:36Z,,1
surrealdb,GHSA-h4f5-h82v-5w4r,,2024-11-22T20:11:38Z,,1
surrealdb-core,GHSA-h4f5-h82v-5w4r,,2024-11-22T20:11:38Z,,1
cap-std,GHSA-hxf5-99xg-86hw,,2024-11-05T22:19:59Z,,1
cap-async-std,GHSA-hxf5-99xg-86hw,,2024-11-05T22:19:59Z,,1
cap-primitives,GHSA-hxf5-99xg-86hw,,2024-11-05T22:19:59Z,,1
zlib-rs,GHSA-j3px-q95c-9683,,2024-11-14T18:09:33Z,,1
libz-rs-sys,GHSA-j3px-q95c-9683,,2024-11-14T18:09:33Z,,1
libz-rs-sys-cdylib,GHSA-j3px-q95c-9683,,2024-11-14T18:09:33Z,,1
surrealdb,GHSA-jc55-246c-r88f,,2024-11-22T20:11:44Z,,1
surrealdb-core,GHSA-jc55-246c-r88f,,2024-11-22T20:11:44Z,,1
sharks,GHSA-jp37-5qhw-mffw,,2024-11-18T20:03:25Z,,1
surrealdb,GHSA-m52v-24p8-654f,,2024-11-22T20:11:48Z,,1
surrealdb-core,GHSA-m52v-24p8-654f,,2024-11-22T20:11:48Z,,1
simd-json-derive,GHSA-pqpw-89w5-82v5,,2024-11-12T20:53:54Z,,1
rustls,GHSA-qg5g-gv98-5ffh,,2024-11-25T16:57:34Z,,1
deno_doc,GHSA-qqwr-j9mm-fhw6,,2024-11-25T19:34:24Z,,1
cggmp21,GHSA-rm66-9gh4-4gp8,,2024-11-12T20:54:58Z,,1
s2n-tls,GHSA-rp9h-rf7g-hwgr,,2024-11-14T15:45:55Z,,1
fast-float,GHSA-x8jh-xj3x-gx3c,,2024-11-12T20:48:39Z,,1
surrealdb,GHSA-27vq-hv74-7cqp,,2024-12-16T17:38:53Z,,1
surrealdb-core,GHSA-27vq-hv74-7cqp,,2024-12-16T17:38:53Z,,1
hd-wallet,GHSA-2ff4-xfpr-m32r,,2024-12-18T15:51:24Z,,1
slip-10,GHSA-2ff4-xfpr-m32r,,2024-12-18T15:51:24Z,,1
cosmwasm-vm,GHSA-2q97-m5rc-p3gp,,2024-12-10T16:55:39Z,,1
cosmwasm-vm,GHSA-2q97-m5rc-p3gp,,2024-12-10T16:55:39Z,,1
cosmwasm-vm,GHSA-2q97-m5rc-p3gp,,2024-12-10T16:55:39Z,,1
anstream,GHSA-2rxc-gjrp-vjhx,,2024-12-04T18:31:31Z,,1
kvm-ioctls,GHSA-3qx8-rv27-j6gp,,2024-12-23T19:26:37Z,,1
rage,GHSA-4fg7-vxc8-qx5w,,2024-12-18T18:21:55Z,,1
age,GHSA-4fg7-vxc8-qx5w,,2024-12-18T18:21:55Z,,1
age,GHSA-4fg7-vxc8-qx5w,,2024-12-18T18:21:55Z,,1
age,GHSA-4fg7-vxc8-qx5w,,2024-12-18T18:21:55Z,,1
age,GHSA-4fg7-vxc8-qx5w,,2024-12-18T18:21:55Z,,1
age,GHSA-4fg7-vxc8-qx5w,,2024-12-18T18:21:55Z,,1
age,GHSA-4fg7-vxc8-qx5w,,2024-12-18T18:21:55Z,,1
rage,GHSA-4fg7-vxc8-qx5w,,2024-12-18T18:21:55Z,,1
rage,GHSA-4fg7-vxc8-qx5w,,2024-12-18T18:21:55Z,,1
rage,GHSA-4fg7-vxc8-qx5w,,2024-12-18T18:21:55Z,,1
rage,GHSA-4fg7-vxc8-qx5w,,2024-12-18T18:21:55Z,,1
rage,GHSA-4fg7-vxc8-qx5w,,2024-12-18T18:21:55Z,,1
pgp,GHSA-4grw-m28r-q285,,2024-12-05T17:31:35Z,,1
js-sandbox,GHSA-4mw5-2636-4535,,2024-12-04T18:36:38Z,,1
pqcrypto-hqc,GHSA-753p-wrj5-g8fj,,2024-12-11T21:47:37Z,,1
pgp,GHSA-9rmp-2568-59rv,,2024-12-05T17:30:52Z,,1
libafl,GHSA-f7qj-v3vp-4856,,2024-12-23T19:28:19Z,,1
linkme,GHSA-f95p-4cv5-8w8x,,2024-12-04T18:26:13Z,,1
rustyscript,GHSA-fwfx-rrv8-crpf,,2024-12-04T18:37:39Z,,1
magic-crypt,GHSA-gmx7-gr5q-85w5,,2024-12-30T16:53:24Z,,1
xous,GHSA-gv7f-5qqh-vxfx,,2024-12-30T16:52:46Z,,1
pprof,GHSA-gw5w-5j7f-jmjj,,2024-12-05T19:05:57Z,,1
spl-token-swap,GHSA-h6xm-c6r4-vmwf,,2024-12-23T19:29:44Z,,1
idna,GHSA-h97m-ww89-6jmq,,2024-12-09T20:41:10Z,,1
quincy,GHSA-hqmp-g7ph-x543,,2024-12-27T18:12:47Z,,1
cosmwasm-vm,GHSA-vmqh-5232-v43r,,2024-12-10T16:55:37Z,,1
cosmwasm-vm,GHSA-vmqh-5232-v43r,,2024-12-10T16:55:37Z,,1
cosmwasm-vm,GHSA-vmqh-5232-v43r,,2024-12-10T16:55:37Z,,1
pyo3,GHSA-vxcf-c7mx-pg53,,2024-12-05T19:06:20Z,,1
glib,GHSA-wrw7-89jp-8q8g,,2024-12-23T20:19:24Z,,1
hashbrown,GHSA-wwq9-3cpr-mm53,,2024-12-04T18:29:15Z,,1
ruzstd,GHSA-x3f4-45xf-rjm7,,2024-12-02T21:34:27Z,,1
fast-float,GHSA-8655-xgh5-5vvq,,2025-01-29T22:21:17Z,,1
sp1-stark,GHSA-c873-wfhp-wx5m,,2025-01-15T21:25:54Z,,1
deno_fetch,GHSA-f27p-cmv8-xhm6,,2025-01-06T22:27:09Z,,1
deno,GHSA-f27p-cmv8-xhm6,,2025-01-06T22:27:09Z,,1
deno,GHSA-f27p-cmv8-xhm6,,2025-01-06T22:27:09Z,,1
gix-worktree-state,GHSA-fqmf-w4xh-33rh,,2025-01-21T21:13:06Z,,1
vaultwarden,GHSA-g5x8-v2ch-gj2g,,2025-01-09T21:31:32Z,,1
plonky2,GHSA-hj49-h7fq-px5h,,2025-01-30T19:28:51Z,,1
fast-float2,GHSA-jqcp-xc3v-f446,,2025-01-29T22:19:01Z,,1
matrix-sdk-crypto,GHSA-r5vf-wf4h-82gg,,2025-01-07T15:25:52Z,,1
vaultwarden,GHSA-vprm-27pv-jp3w,,2025-01-09T21:31:32Z,,1
ismp-grandpa,GHSA-wwx5-gpgr-vxr7,,2025-01-28T17:29:17Z,,1
grandpa-verifier-primitives,GHSA-wwx5-gpgr-vxr7,,2025-01-28T17:29:17Z,,1
grandpa-verifier,GHSA-wwx5-gpgr-vxr7,,2025-01-28T17:29:17Z,,1
vaultwarden,GHSA-x7m9-mv49-fv73,,2025-01-09T21:31:32Z,,1
namada-apps,GHSA-2gw2-qgjg-xh6p,,2025-02-20T20:24:19Z,,1
hickory-proto,GHSA-37wc-h8xc-5hc4,,2025-02-10T17:46:00Z,,1
openh264-sys2,GHSA-5pmw-9j92-3c4c,,2025-02-24T18:27:25Z,,1
orml-rewards,GHSA-5v93-9mqw-p9mh,,2025-02-14T17:26:08Z,,1
activitypub_federation,GHSA-7723-35v7-qcxw,,2025-02-10T20:25:37Z,,1
namada-apps,GHSA-82vg-5v4f-f9wq,,2025-02-20T20:33:56Z,,1
namada-apps,GHSA-f8qm-hmm3-fv7f,,2025-02-20T20:34:04Z,,1
fyrox-core,GHSA-h7h7-6mx3-r89v,,2025-02-14T17:31:16Z,,1
cosmwasm-vm,GHSA-mx2j-7cmv-353c,,2025-02-04T18:57:21Z,,1
cosmwasm-vm,GHSA-mx2j-7cmv-353c,,2025-02-04T18:57:21Z,,1
cosmwasm-vm,GHSA-mx2j-7cmv-353c,,2025-02-04T18:57:21Z,,1
cosmwasm-vm,GHSA-mx2j-7cmv-353c,,2025-02-04T18:57:21Z,,1
grcov,GHSA-qm2p-4w45-v2vr,,2025-02-10T18:07:30Z,,1
openssl,GHSA-rpmj-rpgj-qmpm,,2025-02-03T17:56:46Z,,1
hickory-proto,GHSA-v7pc-74h8-xq2h,,2025-02-10T21:52:28Z,,1
hickory-proto,GHSA-v7pc-74h8-xq2h,,2025-02-10T21:52:28Z,,1
ntpd,GHSA-v83q-83hj-rw38,,2025-02-28T17:46:36Z,,1
protobuf,GHSA-2gh3-rmm4-6rq5,,2025-03-07T20:02:37Z,,1
ring,GHSA-4p46-pwfr-66x6,,2025-03-07T16:23:50Z,,1
tough,GHSA-5vmp-m5v2-hx47,,2025-03-28T22:12:36Z,,1
libcontainer,GHSA-5w4j-f78p-4wh9,,2025-03-21T15:18:28Z,,1
array-init-cursor,GHSA-67r5-rqwv-9p9q,,2025-03-31T16:13:34Z,,1
tough,GHSA-76g3-38jv-wxh4,,2025-03-28T14:49:47Z,,1
gurk,GHSA-89xp-c3mq-qj84,,2025-03-17T00:30:21Z,,1
zip,GHSA-94vh-gphv-8pm8,,2025-03-17T21:26:32Z,,1
xmas-elf,GHSA-9cc5-2pq7-hfj8,,2025-03-26T20:11:24Z,,1
below,GHSA-9mc5-7qhg-fp3w,,2025-03-11T21:12:54Z,,1
cosmwasm,GHSA-cg8r-jwg7-r2x4,,2025-03-18T15:30:47Z,,1
web-push,GHSA-fc83-9jwq-gc2m,,2025-03-24T19:39:27Z,,1
qcp,GHSA-fmwf-c46w-r8qm,,2025-03-08T01:30:18Z,,1
redlib,GHSA-g8vq-v3mg-7mrg,,2025-03-21T15:26:55Z,,1
tough,GHSA-j8x2-777p-23fc,,2025-03-28T22:13:16Z,,1
tough,GHSA-q6r9-r9pw-4cf7,,2025-03-28T14:48:54Z,,1
ascon_aead,GHSA-r38m-44fw-h886,,2025-03-03T20:22:19Z,,1
tough,GHSA-v4wr-j3w6-mxqc,,2025-03-28T22:13:00Z,,1
pared,GHSA-vgmh-mqm4-8j88,,2025-03-24T16:06:28Z,,1
zincati,GHSA-w6fv-6gcc-x825,,2025-03-17T14:46:56Z,,1
gix-features,GHSA-2frx-2596-x5r6,,2025-04-04T16:06:08Z,,1
gix-commitgraph,GHSA-2frx-2596-x5r6,,2025-04-04T16:06:08Z,,1
gix-index,GHSA-2frx-2596-x5r6,,2025-04-04T16:06:08Z,,1
gix-object,GHSA-2frx-2596-x5r6,,2025-04-04T16:06:08Z,,1
gix-odb,GHSA-2frx-2596-x5r6,,2025-04-04T16:06:08Z,,1
gix-pack,GHSA-2frx-2596-x5r6,,2025-04-04T16:06:08Z,,1
gitoxide,GHSA-2frx-2596-x5r6,,2025-04-04T16:06:08Z,,1
gitoxide-core,GHSA-2frx-2596-x5r6,,2025-04-04T16:06:08Z,,1
gix,GHSA-2frx-2596-x5r6,,2025-04-04T16:06:08Z,,1
gix-archive,GHSA-2frx-2596-x5r6,,2025-04-04T16:06:08Z,,1
gix-blame,GHSA-2frx-2596-x5r6,,2025-04-04T16:06:08Z,,1
gix-config,GHSA-2frx-2596-x5r6,,2025-04-04T16:06:08Z,,1
gix-diff,GHSA-2frx-2596-x5r6,,2025-04-04T16:06:08Z,,1
gix-dir,GHSA-2frx-2596-x5r6,,2025-04-04T16:06:08Z,,1
gix-discover,GHSA-2frx-2596-x5r6,,2025-04-04T16:06:08Z,,1
gix-filter,GHSA-2frx-2596-x5r6,,2025-04-04T16:06:08Z,,1
gix-fsck,GHSA-2frx-2596-x5r6,,2025-04-04T16:06:08Z,,1
gix-merge,GHSA-2frx-2596-x5r6,,2025-04-04T16:06:08Z,,1
gix-negotiate,GHSA-2frx-2596-x5r6,,2025-04-04T16:06:08Z,,1
gix-protocol,GHSA-2frx-2596-x5r6,,2025-04-04T16:06:08Z,,1
gix-ref,GHSA-2frx-2596-x5r6,,2025-04-04T16:06:08Z,,1
gix-revision,GHSA-2frx-2596-x5r6,,2025-04-04T16:06:08Z,,1
gix-revwalk,GHSA-2frx-2596-x5r6,,2025-04-04T16:06:08Z,,1
gix-status,GHSA-2frx-2596-x5r6,,2025-04-04T16:06:08Z,,1
gix-traverse,GHSA-2frx-2596-x5r6,,2025-04-04T16:06:08Z,,1
gix-worktree,GHSA-2frx-2596-x5r6,,2025-04-04T16:06:08Z,,1
gix-worktree-state,GHSA-2frx-2596-x5r6,,2025-04-04T16:06:08Z,,1
apollo-router,GHSA-3j43-9v8v-cp3f,,2025-04-07T19:00:30Z,,1
apollo-router,GHSA-3j43-9v8v-cp3f,,2025-04-07T19:00:30Z,,1
openssl,GHSA-4fcv-w3qc-ppgg,,2025-04-04T20:31:08Z,,1
tendermint-light-client-verifier,GHSA-6jrf-4jv4-r9mw,,2025-04-09T13:01:26Z,,1
ouch,GHSA-6xfj-hhwh-r3c2,,2025-04-01T21:31:30Z,,1
apollo-router,GHSA-75m2-jhh5-j5g2,,2025-04-07T18:57:56Z,,1
apollo-router,GHSA-75m2-jhh5-j5g2,,2025-04-07T18:57:56Z,,1
jj-lib,GHSA-794x-2rpg-rfgr,,2025-04-07T16:40:25Z,,1
jj-cli,GHSA-794x-2rpg-rfgr,,2025-04-07T16:40:25Z,,1
apollo-compiler,GHSA-7mpv-9xg6-5r79,,2025-04-07T19:09:14Z,,1
apollo-router,GHSA-84m6-5m72-45fp,,2025-04-07T18:59:21Z,,1
apollo-router,GHSA-84m6-5m72-45fp,,2025-04-07T18:59:21Z,,1
apollo-router,GHSA-94hh-jmq8-2fgp,,2025-04-07T18:56:30Z,,1
apollo-router,GHSA-94hh-jmq8-2fgp,,2025-04-07T18:56:30Z,,1
tauri-plugin-shell,GHSA-c9pr-q8gx-3mgp,,2025-04-02T22:36:45Z,,1
pyo3,GHSA-pph8-gcv7-4qj5,,2025-04-02T13:19:19Z,,1
tokio,GHSA-rr8g-9fpq-6wmg,,2025-04-07T21:12:50Z,,1
tokio,GHSA-rr8g-9fpq-6wmg,,2025-04-07T21:12:50Z,,1
tokio,GHSA-rr8g-9fpq-6wmg,,2025-04-07T21:12:50Z,,1
lemmy_server,GHSA-wr2m-38xh-rpc9,,2025-04-08T17:38:59Z,,1
