crate,downloads,recent_downloads,updated_at,created_at,max_version,description,repository,stars,forks,open_issues,license,active_ratio,updated_at_dt,days_since_update,created_at_dt,days_since_created,github_data_missing
syn,819905368,119945998,2025-03-09T21:23:48.900018Z,2016-09-07T15:22:40.491981Z,2.0.100,Parser for Rust source code,https://github.com/dtolnay/syn,3039,317,63,Apache License 2.0,0.14629249018406232,2025-03-09 21:23:48.900018+00:00,29,2016-09-07 15:22:40.491981+00:00,3135,0
hashbrown,598376356,114294580,2024-11-25T00:36:20.789854Z,2018-10-29T14:28:15.767024Z,0.15.2,A Rust port of Google's SwissTable hash map,https://github.com/rust-lang/hashbrown,2607,297,89,Apache License 2.0,0.19100784791035427,2024-11-25 00:36:20.789854+00:00,134,2018-10-29 14:28:15.767024+00:00,2353,0
bitflags,597676915,91708636,2025-03-01T10:07:07.056260Z,2015-01-15T08:35:24.901276Z,2.9.0,"A macro to generate structures which behave like bitflags.
",https://github.com/bitflags/bitflags,999,149,7,Apache License 2.0,0.15344182399950984,2025-03-01 10:07:07.056260+00:00,38,2015-01-15 08:35:24.901276+00:00,3736,0
proc-macro2,571664895,76845431,2025-03-03T05:14:34.171809Z,2017-07-06T01:01:58.064887Z,1.0.94,A substitute implementation of the compiler's `proc_macro` API to decouple token-based libraries from the procedural macro use case.,https://github.com/dtolnay/proc-macro2,813,117,14,Apache License 2.0,0.13442391105719373,2025-03-03 05:14:34.171809+00:00,36,2017-07-06 01:01:58.064887+00:00,2833,0
quote,559268030,75816388,2025-03-11T23:56:24.338648Z,2016-09-03T05:42:05.484129Z,1.0.40,Quasi-quoting macro quote!(...),https://github.com/dtolnay/quote,1398,93,6,Apache License 2.0,0.13556360087309122,2025-03-11 23:56:24.338648+00:00,27,2016-09-03 05:42:05.484129+00:00,3139,0
libc,552948992,73838536,2025-04-03T07:19:23.284954Z,2015-01-15T20:22:13.100871Z,1.0.0-alpha.1,Raw FFI bindings to platform libraries like libc.,https://github.com/rust-lang/libc,2220,1097,174,Apache License 2.0,0.13353589041355915,2025-04-03 07:19:23.284954+00:00,5,2015-01-15 20:22:13.100871+00:00,3735,0
base64,543103416,89840089,2024-04-30T23:16:40.343739Z,2015-12-04T01:07:31.173829Z,0.22.1,encodes and decodes base64 as bytes or utf8,https://github.com/marshallpierce/rust-base64,650,121,19,Apache License 2.0,0.16541985624336417,2024-04-30 23:16:40.343739+00:00,342,2015-12-04 01:07:31.173829+00:00,3413,0
regex-syntax,522031899,82359643,2024-09-29T13:26:58.258288Z,2015-05-27T23:19:16.839117Z,0.8.5,A regular expression parser.,https://github.com/rust-lang/regex/tree/master/regex-syntax,,,,,0.15776745282762883,2024-09-29 13:26:58.258288+00:00,191,2015-05-27 23:19:16.839117+00:00,3603,1
rand_core,502431220,72870217,2025-03-01T14:01:08.459817Z,2017-09-14T12:02:18.709038Z,0.9.3,"Core random number generator traits and tools for implementation.
",https://github.com/rust-random/rand,1815,459,25,Other,0.14503520899835803,2025-03-01 14:01:08.459817+00:00,38,2017-09-14 12:02:18.709038+00:00,2763,0
serde,497052740,66610896,2025-03-09T19:13:49.968038Z,2014-12-05T20:20:39.487502Z,1.0.219,A generic serialization/deserialization framework,https://github.com/serde-rs/serde,9574,812,314,Apache License 2.0,0.13401172680388002,2025-03-09 19:13:49.968038+00:00,29,2014-12-05 20:20:39.487502+00:00,3776,0
cfg-if,494346850,61471470,2020-10-06T18:44:12.678620Z,2015-07-08T01:11:24.485040Z,1.0.0,"A macro to ergonomically define an item depending on a large number of #[cfg]
parameters. Structured like an if-else chain, the first matching branch is the
item that gets emitted.
",https://github.com/alexcrichton/cfg-if,581,42,6,Apache License 2.0,0.12434886557889466,2020-10-06 18:44:12.678620+00:00,1644,2015-07-08 01:11:24.485040+00:00,3562,0
rand,493172550,68859276,2025-01-27T13:38:34.935106Z,2015-02-03T06:17:14.147783Z,0.9.0,"Random number generators and other randomness functionality.
",https://github.com/rust-random/rand,1815,459,25,Other,0.13962511903795133,2025-01-27 13:38:34.935106+00:00,71,2015-02-03 06:17:14.147783+00:00,3717,0
indexmap,463134908,81128798,2025-04-04T23:17:05.300032Z,2018-01-30T17:59:48.053105Z,2.9.0,A hash table with consistent order and fast iteration.,https://github.com/indexmap-rs/indexmap,1961,164,16,Apache License 2.0,0.17517314415004104,2025-04-04 23:17:05.300032+00:00,3,2018-01-30 17:59:48.053105+00:00,2624,0
getrandom,459159161,79297361,2025-03-17T21:51:47.455402Z,2019-01-19T12:56:49.379182Z,0.3.2,A small cross-platform library for retrieving random data from system source,https://github.com/rust-random/getrandom,370,204,4,Apache License 2.0,0.17270124988315327,2025-03-17 21:51:47.455402+00:00,21,2019-01-19 12:56:49.379182+00:00,2271,0
serde_derive,455409207,62532197,2025-03-09T19:13:28.347565Z,2016-08-29T05:22:31.552019Z,1.0.219,"Macros 1.1 implementation of #[derive(Serialize, Deserialize)]",https://github.com/serde-rs/serde,9574,812,314,Apache License 2.0,0.13730990950299343,2025-03-09 19:13:28.347565+00:00,29,2016-08-29 05:22:31.552019+00:00,3144,0
autocfg,452569734,61907020,2024-09-27T01:05:28.096978Z,2018-05-30T18:21:35.379916Z,1.4.0,Automatic cfg for Rust compiler features,https://github.com/cuviper/autocfg,96,23,14,Apache License 2.0,0.1367900134479607,2024-09-27 01:05:28.096978+00:00,193,2018-05-30 18:21:35.379916+00:00,2504,0
itoa,450166312,60602480,2025-03-03T23:42:45.916886Z,2016-06-25T21:50:33.832Z,1.0.15,Fast integer primitive to string conversion,https://github.com/dtolnay/itoa,325,39,3,Apache License 2.0,0.1346224237232572,2025-03-03 23:42:45.916886+00:00,35,2016-06-25 21:50:33.832000+00:00,3208,0
memchr,441167766,59753726,2024-06-14T00:17:06.888625Z,2015-06-11T23:00:13.079973Z,2.7.4,"Provides extremely fast (uses SIMD on x86_64, aarch64 and wasm32) routines for
1, 2 or 3 byte search and single substring search.
",https://github.com/BurntSushi/memchr,1053,107,15,The Unlicense,0.1354444513065354,2024-06-14 00:17:06.888625+00:00,298,2015-06-11 23:00:13.079973+00:00,3588,0
itertools,439539708,95554693,2024-12-31T12:32:06.925445Z,2014-11-21T19:56:41.399795Z,0.14.0,"Extra iterator adaptors, iterator methods, free functions, and macros.",https://github.com/rust-itertools/itertools,2879,319,155,Apache License 2.0,0.2173971799608148,2024-12-31 12:32:06.925445+00:00,98,2014-11-21 19:56:41.399795+00:00,3790,0
serde_json,433964372,60049593,2025-03-03T09:04:21.796751Z,2015-08-07T19:04:18.632088Z,1.0.140,A JSON serialization file format,https://github.com/serde-rs/json,5141,579,190,Apache License 2.0,0.13837447697204047,2025-03-03 09:04:21.796751+00:00,36,2015-08-07 19:04:18.632088+00:00,3531,0
log,422009517,57908250,2025-03-24T09:21:53.062280Z,2014-12-13T22:10:19.944550Z,0.4.27,"A lightweight logging facade for Rust
",https://github.com/rust-lang/log,2319,262,11,Apache License 2.0,0.13722024662301632,2025-03-24 09:21:53.062280+00:00,15,2014-12-13 22:10:19.944550+00:00,3768,0
once_cell,420384155,63831240,2025-03-28T17:15:56.184274Z,2018-08-02T00:12:48.969947Z,1.21.3,Single assignment cells and lazy values.,https://github.com/matklad/once_cell,1950,114,2,Apache License 2.0,0.15184026143896884,2025-03-28 17:15:56.184274+00:00,11,2018-08-02 00:12:48.969947+00:00,2441,0
regex,416008939,53822606,2024-10-24T14:17:06.057437Z,2014-12-13T22:10:11.303311Z,1.11.1,"An implementation of regular expressions for Rust. This implementation uses
finite automata and guarantees linear time matching on all inputs.
",https://github.com/rust-lang/regex,3671,461,67,Apache License 2.0,0.12937848434069346,2024-10-24 14:17:06.057437+00:00,166,2014-12-13 22:10:11.303311+00:00,3768,0
rand_chacha,408137341,61950719,2025-01-27T13:38:26.609781Z,2018-10-17T10:08:22.907614Z,0.9.0,"ChaCha random number generator
",https://github.com/rust-random/rand,1815,459,25,Other,0.151788902353828,2025-01-27 13:38:26.609781+00:00,71,2018-10-17 10:08:22.907614+00:00,2365,0
aho-corasick,407963262,53501585,2024-03-20T00:06:10.886998Z,2015-06-12T01:15:54.846782Z,1.1.3,Fast multiple substring searching.,https://github.com/BurntSushi/aho-corasick,1089,101,7,The Unlicense,0.13114314445304145,2024-03-20 00:06:10.886998+00:00,384,2015-06-12 01:15:54.846782+00:00,3588,0
heck,404921435,71846971,2024-03-12T22:42:23.303234Z,2017-03-27T11:22:23.067190Z,0.5.0,heck is a case conversion library.,https://github.com/withoutboats/heck,531,36,12,Apache License 2.0,0.17743434846811704,2024-03-12 22:42:23.303234+00:00,391,2017-03-27 11:22:23.067190+00:00,2934,0
ryu,400942642,57395171,2025-03-04T00:13:50.644407Z,2018-07-28T17:12:43.329564Z,1.0.20,Fast floating point to string conversion,https://github.com/dtolnay/ryu,631,28,2,Apache License 2.0,0.14315057813182167,2025-03-04 00:13:50.644407+00:00,35,2018-07-28 17:12:43.329564+00:00,2446,0
cc,399634775,56805804,2025-04-04T14:18:00.518911Z,2014-12-16T05:26:51.306505Z,1.2.18,"A build-time dependency for Cargo build scripts to assist in invoking the native
C compiler to compile native C code into a static archive to be linked into Rust
code.
",https://github.com/rust-lang/cc-rs,1956,496,146,Apache License 2.0,0.14214429662683883,2025-04-04 14:18:00.518911+00:00,4,2014-12-16 05:26:51.306505+00:00,3766,0
parking_lot_core,398437588,52938384,2024-04-25T23:03:36.701497Z,2016-08-26T23:12:30.588575Z,0.9.10,An advanced API for creating custom synchronization primitives.,https://github.com/Amanieu/parking_lot,2917,228,61,Apache License 2.0,0.13286493441979175,2024-04-25 23:03:36.701497+00:00,347,2016-08-26 23:12:30.588575+00:00,3146,0
unicode-ident,396594111,71241141,2025-03-04T00:23:40.461695Z,2021-10-02T05:15:24.656394Z,1.0.18,Determine whether characters have the XID_Start or XID_Continue properties according to Unicode Standard Annex #31,https://github.com/dtolnay/unicode-ident,89,16,3,Apache License 2.0,0.17963237230216966,2025-03-04 00:23:40.461695+00:00,35,2021-10-02 05:15:24.656394+00:00,1284,0
regex-automata,394320505,77825073,2024-11-11T15:16:26.004200Z,2019-01-02T22:11:41.647566Z,0.4.9,Automata construction and matching using regular expressions.,https://github.com/rust-lang/regex/tree/master/regex-automata,,,,,0.1973650165618448,2024-11-11 15:16:26.004200+00:00,148,2019-01-02 22:11:41.647566+00:00,2287,1
clap,391557818,58271223,2025-04-01T16:51:59.815379Z,2015-03-01T01:17:24.903018Z,4.5.35,"A simple to use, efficient, and full-featured Command Line Argument Parser",https://github.com/clap-rs/clap,14896,1091,352,Apache License 2.0,0.14881894913409696,2025-04-01 16:51:59.815379+00:00,7,2015-03-01 01:17:24.903018+00:00,3691,0
smallvec,388252166,52398158,2025-04-05T00:46:59.289860Z,2015-04-06T06:21:18.472333Z,2.0.0-alpha.11,'Small vector' optimization: store up to a small number of items on the stack,https://github.com/servo/rust-smallvec,1441,149,34,Apache License 2.0,0.13495908738858137,2025-04-05 00:46:59.289860+00:00,3,2015-04-06 06:21:18.472333+00:00,3655,0
lazy_static,383162820,48083449,2024-06-21T22:48:42.440092Z,2014-11-23T01:18:10.993977Z,1.5.0,A macro for declaring lazily evaluated statics in Rust.,https://github.com/rust-lang-nursery/lazy-static.rs,1984,123,37,Apache License 2.0,0.12549090488476936,2024-06-21 22:48:42.440092+00:00,290,2014-11-23 01:18:10.993977+00:00,3789,0
parking_lot,382584941,52282525,2024-05-24T22:26:24.893817Z,2016-05-13T15:57:59.130349Z,0.12.3,More compact and efficient implementations of the standard synchronization primitives.,https://github.com/Amanieu/parking_lot,2917,228,61,Apache License 2.0,0.13665599294981137,2024-05-24 22:26:24.893817+00:00,318,2016-05-13 15:57:59.130349+00:00,3252,0
thiserror-impl,381864338,76091329,2025-03-03T04:24:17.423843Z,2019-10-09T18:05:26.708915Z,2.0.12,Implementation detail of the `thiserror` crate,https://github.com/dtolnay/thiserror,4823,170,19,Apache License 2.0,0.19926272612552787,2025-03-03 04:24:17.423843+00:00,36,2019-10-09 18:05:26.708915+00:00,2007,0
thiserror,381844370,76089408,2025-03-03T04:24:30.902254Z,2019-10-09T18:05:40.346377Z,2.0.12,derive(Error),https://github.com/dtolnay/thiserror,4823,170,19,Apache License 2.0,0.19926811543666337,2025-03-03 04:24:30.902254+00:00,36,2019-10-09 18:05:40.346377+00:00,2007,0
strsim,374299442,56928720,2024-04-02T22:18:09.406790Z,2015-02-10T02:10:46.832583Z,0.11.1,"Implementations of string similarity metrics. Includes Hamming, Levenshtein,
OSA, Damerau-Levenshtein, Jaro, Jaro-Winkler, and Sørensen-Dice.
",https://github.com/rapidfuzz/strsim-rs,435,39,8,MIT License,0.1520940552190297,2024-04-02 22:18:09.406790+00:00,370,2015-02-10 02:10:46.832583+00:00,3710,0
num-traits,370434956,47644639,2024-05-03T21:27:39.856244Z,2016-04-14T07:22:34.568594Z,0.2.19,Numeric traits for generic mathematics,https://github.com/rust-num/num-traits,786,141,90,Apache License 2.0,0.1286180967219519,2024-05-03 21:27:39.856244+00:00,339,2016-04-14 07:22:34.568594+00:00,3281,0
time,353361951,40128981,2025-03-23T21:44:54.684907Z,2014-11-13T06:52:51.369245Z,0.3.41,Date and time library. Fully interoperable with the standard library. Mostly compatible with #![no_std].,https://github.com/time-rs/time,1168,282,18,Apache License 2.0,0.11356338985121803,2025-03-23 21:44:54.684907+00:00,15,2014-11-13 06:52:51.369245+00:00,3799,0
semver,352334295,50175102,2025-03-04T00:15:02.937867Z,2014-11-11T05:37:08.485853Z,1.0.26,Parser and evaluator for Cargo's flavor of Semantic Versioning,https://github.com/dtolnay/semver,624,132,5,Apache License 2.0,0.14240765861296584,2025-03-04 00:15:02.937867+00:00,35,2014-11-11 05:37:08.485853+00:00,3801,0
version_check,347847028,46256905,2024-07-25T23:38:14.142737Z,2017-01-15T08:53:43.890697Z,0.9.5,Tiny crate to check the version of the installed/running rustc.,https://github.com/SergioBenitez/version_check,52,13,4,Apache License 2.0,0.13298059571174486,2024-07-25 23:38:14.142737+00:00,256,2017-01-15 08:53:43.890697+00:00,3005,0
either,346327381,50460398,2025-03-05T21:36:27.950711Z,2015-09-14T22:12:31.900654Z,1.15.0,"The enum `Either` with variants `Left` and `Right` is a general purpose sum type with two cases.
",https://github.com/rayon-rs/either,513,64,12,Apache License 2.0,0.14570143964447327,2025-03-05 21:36:27.950711+00:00,33,2015-09-14 22:12:31.900654+00:00,3493,0
idna,344935003,50023354,2024-11-04T09:47:25.663512Z,2016-03-27T08:55:20.657552Z,1.0.3,IDNA (Internationalizing Domain Names in Applications) and Punycode.,https://github.com/servo/rust-url,1381,345,146,Apache License 2.0,0.14502255081372534,2024-11-04 09:47:25.663512+00:00,155,2016-03-27 08:55:20.657552+00:00,3299,0
lock_api,338144848,43284658,2024-04-25T23:01:49.287895Z,2018-06-08T00:16:14.822518Z,0.4.12,Wrappers to create fully-featured Mutex and RwLock types. Compatible with no_std.,https://github.com/Amanieu/parking_lot,2917,228,61,Apache License 2.0,0.1280062619791859,2024-04-25 23:01:49.287895+00:00,347,2018-06-08 00:16:14.822518+00:00,2496,0
digest,337374701,46308619,2025-02-22T18:58:56.313335Z,2016-10-06T14:10:33.763490Z,0.11.0-pre.10,Traits for cryptographic hash functions and message authentication codes,https://github.com/RustCrypto/traits,641,212,57,,0.13726168222672985,2025-02-22 18:58:56.313335+00:00,44,2016-10-06 14:10:33.763490+00:00,3106,0
scopeguard,334909287,42705386,2023-07-17T13:47:53.232324Z,2015-04-30T12:04:48.236552Z,1.2.0,"A RAII scope guard that will run a given closure when it goes out of scope,
even if the code between panics (assuming unwinding panic).

Defines the macros `defer!`, `defer_on_unwind!`, `defer_on_success!` as
shorthands for guards with one of the implemented strategies.
",https://github.com/bluss/scopeguard,504,19,7,Apache License 2.0,0.12751329287563173,2023-07-17 13:47:53.232324+00:00,631,2015-04-30 12:04:48.236552+00:00,3631,0
bytes,334414123,47617158,2025-03-05T12:12:14.708277Z,2015-01-30T08:04:59.453916Z,1.10.1,Types and traits for working with bytes,https://github.com/tokio-rs/bytes,2025,308,87,MIT License,0.14238979374683886,2025-03-05 12:12:14.708277+00:00,34,2015-01-30 08:04:59.453916+00:00,3721,0
socket2,330908359,47685406,2025-03-30T13:12:13.054152Z,2017-06-07T18:05:03.996775Z,0.5.9,"Utilities for handling networking sockets with a maximal amount of configuration
possible intended.
",https://github.com/rust-lang/socket2,726,246,30,Apache License 2.0,0.14410456763348187,2025-03-30 13:12:13.054152+00:00,9,2017-06-07 18:05:03.996775+00:00,2861,0
block-buffer,327229676,45011893,2025-02-22T16:06:21.726189Z,2017-06-12T01:07:55.617813Z,0.11.0-rc.4,Buffer type for block processing of data,https://github.com/RustCrypto/utils,492,136,28,,0.13755443439671408,2025-02-22 16:06:21.726189+00:00,45,2017-06-12 01:07:55.617813+00:00,2857,0
crossbeam-utils,323530946,43525275,2024-12-15T15:26:01.019842Z,2017-08-28T12:20:45.154206Z,0.8.21,Utilities for concurrent programming,https://github.com/crossbeam-rs/crossbeam,7772,485,150,Apache License 2.0,0.13453203020647056,2024-12-15 15:26:01.019842+00:00,114,2017-08-28 12:20:45.154206+00:00,2780,0
pin-project-lite,320265363,45951387,2025-01-06T12:20:51.767173Z,2019-10-22T15:30:45.981586Z,0.2.16,"A lightweight version of pin-project written with declarative macros.
",https://github.com/taiki-e/pin-project-lite,243,17,7,Apache License 2.0,0.14347910298373415,2025-01-06 12:20:51.767173+00:00,92,2019-10-22 15:30:45.981586+00:00,1995,0
memoffset,313201207,39933973,2024-03-26T19:58:31.849513Z,2017-10-17T06:16:56.082296Z,0.9.1,offset_of functionality for Rust structs.,https://github.com/Gilnaa/memoffset,226,29,3,MIT License,0.12750261527568124,2024-03-26 19:58:31.849513+00:00,377,2017-10-17 06:16:56.082296+00:00,2730,0
anyhow,311752681,46977735,2025-03-03T05:09:21.291587Z,2019-10-05T19:52:26.646502Z,1.0.97,Flexible concrete Error type built on std::error::Error,https://github.com/dtolnay/anyhow,5851,151,34,Apache License 2.0,0.1506891130793515,2025-03-03 05:09:21.291587+00:00,36,2019-10-05 19:52:26.646502+00:00,2011,0
miniz_oxide,311596663,51864754,2025-04-08T16:57:39.964326Z,2017-10-10T19:08:01.549072Z,0.8.8,DEFLATE compression and decompression library rewritten in Rust based on miniz,https://github.com/Frommi/miniz_oxide/tree/master/miniz_oxide,,,,,0.16644836148325504,2025-04-08 16:57:39.964326+00:00,0,2017-10-10 19:08:01.549072+00:00,2736,1
mio,310671367,46451723,2024-11-29T16:55:05.717773Z,2014-11-11T23:52:39.666778Z,1.0.3,Lightweight non-blocking I/O.,https://github.com/tokio-rs/mio,6571,764,22,MIT License,0.14952045130055389,2024-11-29 16:55:05.717773+00:00,130,2014-11-11 23:52:39.666778+00:00,3800,0
ppv-lite86,303561662,43681605,2025-03-09T20:01:40.419162Z,2019-02-01T22:36:06.869586Z,0.2.21,Cross-platform cryptography-oriented low-level SIMD library.,https://github.com/cryptocorrosion/cryptocorrosion,56,33,16,Apache License 2.0,0.14389697536970264,2025-03-09 20:01:40.419162+00:00,29,2019-02-01 22:36:06.869586+00:00,2257,0
rustix,300604692,56510796,2025-04-01T13:55:31.940128Z,2021-10-29T10:44:45.767768Z,1.0.5,Safe Rust bindings to POSIX/Unix/Linux/Winsock-like syscalls,https://github.com/bytecodealliance/rustix,1647,191,73,Other,0.18799039903209494,2025-04-01 13:55:31.940128+00:00,7,2021-10-29 10:44:45.767768+00:00,1257,0
percent-encoding,300411760,40668934,2023-11-22T19:07:35.463515Z,2017-06-13T17:02:11.044209Z,2.3.1,Percent encoding and decoding,https://github.com/servo/rust-url,1381,345,146,Apache License 2.0,0.1353773034717416,2023-11-22 19:07:35.463515+00:00,502,2017-06-13 17:02:11.044209+00:00,2856,0
byteorder,300336324,42788275,2023-10-06T00:45:57.877036Z,2015-02-03T23:28:57.422130Z,1.5.0,Library for reading/writing numbers in big-endian and little-endian.,https://github.com/BurntSushi/byteorder,1016,150,15,The Unlicense,0.14246786545872486,2023-10-06 00:45:57.877036+00:00,550,2015-02-03 23:28:57.422130+00:00,3716,0
tokio,299992269,42221666,2025-04-08T07:48:44.833815Z,2016-07-01T20:39:07.497766Z,1.44.2,"An event-driven, non-blocking I/O platform for writing asynchronous I/O
backed applications.
",https://github.com/tokio-rs/tokio,28290,2593,344,MIT License,0.14074251360124218,2025-04-08 07:48:44.833815+00:00,0,2016-07-01 20:39:07.497766+00:00,3202,0
url,296915543,41488594,2024-11-22T19:49:19.984539Z,2014-11-14T18:37:08.658193Z,2.5.4,"URL library for Rust, based on the WHATWG URL Standard",https://github.com/servo/rust-url,1381,345,146,Apache License 2.0,0.13973197085206146,2024-11-22 19:49:19.984539+00:00,136,2014-11-14 18:37:08.658193+00:00,3797,0
generic-array,295265864,38962912,2025-01-12T17:58:19.615534Z,2015-09-27T14:13:44.174465Z,1.2.0,Generic types implementing functionality of arrays,https://github.com/fizyk20/generic-array,407,77,8,MIT License,0.1319587421050474,2025-01-12 17:58:19.615534+00:00,85,2015-09-27 14:13:44.174465+00:00,3481,0
http,289803234,52161071,2025-03-11T20:19:56.370499Z,2014-11-20T23:30:38.809367Z,1.3.1,"A set of types for representing HTTP requests and responses.
",https://github.com/hyperium/http,1223,316,160,Apache License 2.0,0.17998788446922576,2025-03-11 20:19:56.370499+00:00,27,2014-11-20 23:30:38.809367+00:00,3791,0
windows-sys,289505944,65764610,2024-07-30T15:26:17.224105Z,2021-10-18T14:47:07.495906Z,0.59.0,Rust for Windows,https://github.com/microsoft/windows-rs,11146,541,20,Apache License 2.0,0.22716151900494314,2024-07-30 15:26:17.224105+00:00,252,2021-10-18 14:47:07.495906+00:00,1268,0
fastrand,288912460,50941052,2024-12-08T16:27:29.613896Z,2020-05-27T16:21:53.648642Z,2.3.0,A simple and fast random number generator,https://github.com/smol-rs/fastrand,480,38,9,Apache License 2.0,0.17632002441154668,2024-12-08 16:27:29.613896+00:00,121,2020-05-27 16:21:53.648642+00:00,1777,0
toml,287006887,43139505,2025-02-05T15:17:28.453820Z,2014-11-11T05:37:45.901317Z,0.8.20,"A native Rust encoder and decoder of TOML-formatted files and streams. Provides
implementations of the standard Serialize/Deserialize traits for TOML data to
facilitate deserializing and serializing Rust structures.
",https://github.com/toml-rs/toml,800,117,81,Apache License 2.0,0.15030825723704672,2025-02-05 15:17:28.453820+00:00,62,2014-11-11 05:37:45.901317+00:00,3801,0
hyper,284457133,48904788,2025-01-28T13:52:17.475823Z,2014-11-22T04:05:30.459510Z,1.6.0,A protective and efficient HTTP library for all.,https://github.com/hyperium/hyper,15112,1633,243,MIT License,0.17192322612630706,2025-01-28 13:52:17.475823+00:00,70,2014-11-22 04:05:30.459510+00:00,3790,0
slab,281789274,38233627,2023-08-22T13:40:02.247474Z,2015-06-15T20:47:25.571674Z,0.4.9,Pre-allocated storage for a uniform data type,https://github.com/tokio-rs/slab,754,91,10,MIT License,0.13568162640569492,2023-08-22 13:40:02.247474+00:00,595,2015-06-15 20:47:25.571674+00:00,3584,0
ahash,281654559,41976067,2024-03-03T17:28:36.057306Z,2019-02-28T06:58:45.540196Z,0.8.11,A non-cryptographic hash function using AES-NI for high performance,https://github.com/tkaitchuck/ahash,1124,111,31,Apache License 2.0,0.1490338631443917,2024-03-03 17:28:36.057306+00:00,401,2019-02-28 06:58:45.540196+00:00,2231,0
futures-core,280926820,40093019,2024-10-05T07:06:47.233193Z,2018-03-05T22:32:59.053938Z,0.3.31,"The core traits and types in for the `futures` library.
",https://github.com/rust-lang/futures-rs,5574,644,249,Apache License 2.0,0.14271695027196052,2024-10-05 07:06:47.233193+00:00,185,2018-03-05 22:32:59.053938+00:00,2590,0
num_cpus,276861789,27930785,2023-06-29T12:57:59.066610Z,2015-03-16T18:43:53.862639Z,1.16.0,Get the number of CPUs on a machine.,https://github.com/seanmonstar/num_cpus,595,93,33,Apache License 2.0,0.10088349533853515,2023-06-29 12:57:59.066610+00:00,649,2015-03-16 18:43:53.862639+00:00,3675,0
windows_x86_64_msvc,275880314,51872201,2025-01-07T15:43:03.422486Z,2021-10-27T15:17:55.755278Z,0.53.0,Import lib for Windows,https://github.com/microsoft/windows-rs,11146,541,20,Apache License 2.0,0.1880242930273017,2025-01-07 15:43:03.422486+00:00,91,2021-10-27 15:17:55.755278+00:00,1259,0
sha2,274969707,41605238,2025-03-05T21:18:11.496292Z,2016-05-06T20:20:25.502104Z,0.11.0-pre.5,"Pure Rust implementation of the SHA-2 hash function family
including SHA-224, SHA-256, SHA-384, and SHA-512.
",https://github.com/RustCrypto/hashes,1997,269,26,,0.15130844213322742,2025-03-05 21:18:11.496292+00:00,33,2016-05-06 20:20:25.502104+00:00,3258,0
futures-util,274673219,39577583,2024-10-05T07:07:27.303135Z,2018-03-05T22:42:24.332661Z,0.3.31,"Common utilities and extension traits for the futures-rs library.
",https://github.com/rust-lang/futures-rs,5574,644,249,Apache License 2.0,0.14408970464645118,2024-10-05 07:07:27.303135+00:00,185,2018-03-05 22:42:24.332661+00:00,2590,0
futures-task,274142362,39551477,2024-10-05T07:07:01.495599Z,2019-07-29T02:21:47.224744Z,0.3.31,"Tools for working with tasks.
",https://github.com/rust-lang/futures-rs,5574,644,249,Apache License 2.0,0.14427349611877935,2024-10-05 07:07:01.495599+00:00,185,2019-07-29 02:21:47.224744+00:00,2080,0
linux-raw-sys,273759998,52141321,2025-03-14T10:55:02.366307Z,2021-06-12T14:38:40.005650Z,0.9.3,Generated bindings for Linux's userspace API,https://github.com/sunfishcode/linux-raw-sys,51,39,4,Other,0.19046362281168633,2025-03-14 10:55:02.366307+00:00,25,2021-06-12 14:38:40.005650+00:00,1396,0
chrono,273558566,39283642,2025-02-26T08:32:17.218741Z,2014-11-20T04:21:11.545166Z,0.4.40,Date and time library for Rust,https://github.com/chronotope/chrono,3485,562,178,Other,0.14360231000772244,2025-02-26 08:32:17.218741+00:00,41,2014-11-20 04:21:11.545166+00:00,3792,0
fnv,270495864,39720167,2020-05-14T16:06:29.223002Z,2015-04-06T18:59:35.782519Z,1.0.7,Fowler–Noll–Vo hash function,https://github.com/servo/rust-fnv,345,30,8,Apache License 2.0,0.14684204931133438,2020-05-14 16:06:29.223002+00:00,1790,2015-04-06 18:59:35.782519+00:00,3654,0
futures-sink,270437780,38913175,2024-10-05T07:06:58.039843Z,2018-03-05T22:41:47.740444Z,0.3.31,"The asynchronous `Sink` trait for the futures-rs library.
",https://github.com/rust-lang/futures-rs,5574,644,249,Apache License 2.0,0.14388956676097547,2024-10-05 07:06:58.039843+00:00,185,2018-03-05 22:41:47.740444+00:00,2590,0
futures-channel,269082418,38542273,2024-10-05T07:07:06.660085Z,2018-03-05T22:36:02.312563Z,0.3.31,"Channels for asynchronous communication using futures-rs.
",https://github.com/rust-lang/futures-rs,5574,644,249,Apache License 2.0,0.14323593970379736,2024-10-05 07:07:06.660085+00:00,185,2018-03-05 22:36:02.312563+00:00,2590,0
typenum,268290768,39261517,2025-02-18T07:41:11.193331Z,2015-09-26T03:09:06.865219Z,1.18.0,"Typenum is a Rust library for type-level numbers evaluated at
    compile time. It currently supports bits, unsigned integers, and signed
    integers. It also provides a type-level array of type-level numbers, but its
    implementation is incomplete.",https://github.com/paholg/typenum,543,47,22,Other,0.14633942603645608,2025-02-18 07:41:11.193331+00:00,49,2015-09-26 03:09:06.865219+00:00,3482,0
unicode-normalization,266398129,27720252,2024-09-17T15:27:12.950740Z,2015-04-15T01:55:51.148249Z,0.1.24,"This crate provides functions for normalization of
Unicode strings, including Canonical and Compatible
Decomposition and Recomposition, as described in
Unicode Standard Annex #15.
",https://github.com/unicode-rs/unicode-normalization,175,43,16,Other,0.10405573081183314,2024-09-17 15:27:12.950740+00:00,203,2015-04-15 01:55:51.148249+00:00,3646,0
tracing,265793761,40409686,2024-11-27T17:13:14.607037Z,2017-11-27T18:43:02.901436Z,0.1.41,"Application-level tracing for Rust.
",https://github.com/tokio-rs/tracing,5827,773,751,MIT License,0.1520339899927147,2024-11-27 17:13:14.607037+00:00,132,2017-11-27 18:43:02.901436+00:00,2688,0
tracing-core,265559144,40347392,2024-11-25T22:10:20.575707Z,2019-06-20T17:36:00.464363Z,0.1.33,"Core primitives for application-level tracing.
",https://github.com/tokio-rs/tracing,5827,773,751,MIT License,0.15193373269797858,2024-11-25 22:10:20.575707+00:00,133,2019-06-20 17:36:00.464363+00:00,2119,0
spin,264341472,40125901,2025-03-26T19:10:27.894178Z,2015-01-27T15:50:37.555349Z,0.10.0,Spin-based synchronization primitives,https://github.com/mvdnes/spin-rs,514,93,11,MIT License,0.15179570839342227,2025-03-26 19:10:27.894178+00:00,12,2015-01-27 15:50:37.555349+00:00,3724,0
rustls,263835363,50954271,2025-03-17T13:41:39.344085Z,2016-08-27T06:58:30.801463Z,0.23.25,Rustls is a modern TLS library written in Rust.,https://github.com/rustls/rustls,6588,700,127,Other,0.19312904237177636,2025-03-17 13:41:39.344085+00:00,22,2016-08-27 06:58:30.801463+00:00,3146,0
futures,263462092,35430167,2024-10-05T07:07:45.246157Z,2016-07-31T20:58:03.676528Z,0.3.31,"An implementation of futures and streams featuring zero allocations,
composability, and iterator-like interfaces.
",https://github.com/rust-lang/futures-rs,5574,644,249,Apache License 2.0,0.13447918344169224,2024-10-05 07:07:45.246157+00:00,185,2016-07-31 20:58:03.676528+00:00,3172,0
num-integer,262844004,32841282,2024-02-08T01:42:29.084925Z,2016-04-14T07:26:07.694449Z,0.1.46,Integer traits and functions,https://github.com/rust-num/num-integer,181,50,15,Apache License 2.0,0.1249459051765168,2024-02-08 01:42:29.084925+00:00,425,2016-04-14 07:26:07.694449+00:00,3281,0
tokio-util,261171620,37302342,2025-03-13T10:24:36.801368Z,2018-02-01T03:25:03.010037Z,0.7.14,"Additional utilities for working with Tokio.
",https://github.com/tokio-rs/tokio,28290,2593,344,MIT License,0.14282693502456353,2025-03-13 10:24:36.801368+00:00,26,2018-02-01 03:25:03.010037+00:00,2623,0
windows_x86_64_gnu,261016922,49976488,2025-01-07T15:42:54.444046Z,2021-10-28T19:27:32.276769Z,0.53.0,Import lib for Windows,https://github.com/microsoft/windows-rs,11146,541,20,Apache License 2.0,0.19146838303456815,2025-01-07 15:42:54.444046+00:00,91,2021-10-28 19:27:32.276769+00:00,1257,0
tinyvec,260045183,34312047,2025-03-03T04:38:33.236288Z,2020-01-07T02:30:11.536811Z,1.9.0,`tinyvec` provides 100% safe vec-like data structures.,https://github.com/Lokathor/tinyvec,679,51,18,Apache License 2.0,0.13194648177736099,2025-03-03 04:38:33.236288+00:00,36,2020-01-07 02:30:11.536811+00:00,1918,0
tempfile,259856288,41261172,2025-03-19T17:30:21.939513Z,2015-04-14T18:26:06.249019Z,3.19.1,A library for managing temporary files and directories.,https://github.com/Stebalien/tempfile,1272,128,9,Apache License 2.0,0.15878458173003687,2025-03-19 17:30:21.939513+00:00,20,2015-04-14 18:26:06.249019+00:00,3646,0
unicode-xid,259325020,26967099,2024-09-19T15:55:24.420864Z,2015-04-27T01:12:08.811826Z,0.2.6,"Determine whether characters have the XID_Start
or XID_Continue properties according to
Unicode Standard Annex #31.
",https://github.com/unicode-rs/unicode-xid,50,29,6,Other,0.10398957647819713,2024-09-19 15:55:24.420864+00:00,201,2015-04-27 01:12:08.811826+00:00,3634,0
pkg-config,259290882,37579504,2025-03-03T10:04:55.062213Z,2014-11-11T06:37:31.276162Z,0.3.32,"A library to run the pkg-config system tool at build time in order to be used in
Cargo build scripts.
",https://github.com/rust-lang/pkg-config-rs,178,81,34,Apache License 2.0,0.14493183759543077,2025-03-03 10:04:55.062213+00:00,36,2014-11-11 06:37:31.276162+00:00,3801,0
windows_i686_msvc,258493037,49454549,2025-01-07T15:42:50.460248Z,2021-10-27T15:17:41.977374Z,0.53.0,Import lib for Windows,https://github.com/microsoft/windows-rs,11146,541,20,Apache License 2.0,0.19131868917614211,2025-01-07 15:42:50.460248+00:00,91,2021-10-27 15:17:41.977374+00:00,1259,0
rustc_version,258370315,38031987,2024-08-28T09:21:22.033328Z,2015-08-24T00:54:04.579390Z,0.4.1,A library for querying the version of a installed rustc compiler,https://github.com/djc/rustc-version-rs,59,21,0,Apache License 2.0,0.14719952251480592,2024-08-28 09:21:22.033328+00:00,223,2015-08-24 00:54:04.579390+00:00,3515,0
futures-io,258077120,37281273,2024-10-05T07:06:53.156320Z,2016-07-31T20:58:50.213004Z,0.3.31,"The `AsyncRead`, `AsyncWrite`, `AsyncSeek`, and `AsyncBufRead` traits for the futures-rs library.
",https://github.com/rust-lang/futures-rs,5574,644,249,Apache License 2.0,0.14445787755226036,2024-10-05 07:06:53.156320+00:00,185,2016-07-31 20:58:50.213004+00:00,3172,0
windows_aarch64_msvc,258044566,49462384,2025-01-07T15:42:38.305221Z,2021-11-05T19:17:58.112695Z,0.53.0,Import lib for Windows,https://github.com/microsoft/windows-rs,11146,541,20,Apache License 2.0,0.1916815562781508,2025-01-07 15:42:38.305221+00:00,91,2021-11-05 19:17:58.112695+00:00,1249,0
http-body,257980356,46140263,2024-07-12T15:49:01.533452Z,2019-04-04T18:06:00.061574Z,1.0.1,"Trait representing an asynchronous, streaming, HTTP request or response body.
",https://github.com/hyperium/http-body,137,63,21,MIT License,0.1788518463785669,2024-07-12 15:49:01.533452+00:00,270,2019-04-04 18:06:00.061574+00:00,2195,0
pin-utils,257856138,37884867,2020-04-22T16:13:27.095776Z,2018-08-06T15:00:31.609789Z,0.1.0,"Utilities for pinning
",https://github.com/rust-lang-nursery/pin-utils,97,16,1,Apache License 2.0,0.14692249443369854,2020-04-22 16:13:27.095776+00:00,1812,2018-08-06 15:00:31.609789+00:00,2437,0
windows_i686_gnu,257585996,49362426,2025-01-07T15:42:42.282152Z,2021-10-28T19:27:12.591562Z,0.53.0,Import lib for Windows,https://github.com/microsoft/windows-rs,11146,541,20,Apache License 2.0,0.19163474244151069,2025-01-07 15:42:42.282152+00:00,91,2021-10-28 19:27:12.591562+00:00,1257,0
uuid,256279608,39967649,2025-03-14T04:14:24.373430Z,2014-11-11T05:37:37.261193Z,1.16.0,A library to generate and parse UUIDs.,https://github.com/uuid-rs/uuid,1074,213,10,Other,0.15595329379464323,2025-03-14 04:14:24.373430+00:00,25,2014-11-11 05:37:37.261193+00:00,3801,0
h2,255641507,43622882,2025-02-18T19:14:15.226465Z,2017-03-09T22:02:00.510015Z,0.4.8,An HTTP/2 client and server,https://github.com/hyperium/h2,1426,297,76,MIT License,0.17064084198189303,2025-02-18 19:14:15.226465+00:00,48,2017-03-09 22:02:00.510015+00:00,2951,0
unicode-width,253444560,40077131,2024-09-19T21:00:00.648797Z,2015-04-14T19:29:07.865266Z,0.2.0,"Determine displayed width of `char` and `str` types
according to Unicode Standard Annex #11 rules.
",https://github.com/unicode-rs/unicode-width,244,28,6,Other,0.15812977402237396,2024-09-19 21:00:00.648797+00:00,200,2015-04-14 19:29:07.865266+00:00,3646,0
unicode-bidi,250744472,22356915,2024-12-16T23:09:47.459625Z,2015-06-11T18:06:04.414255Z,0.3.18,Implementation of the Unicode Bidirectional Algorithm,https://github.com/servo/unicode-bidi,78,34,7,Other,0.08916214511799886,2024-12-16 23:09:47.459625+00:00,112,2015-06-11 18:06:04.414255+00:00,3588,0
form_urlencoded,247535186,37874493,2023-11-22T19:09:03.881753Z,2020-06-19T22:23:03.447945Z,1.2.1,"Parser and serializer for the application/x-www-form-urlencoded syntax, as used by HTML forms.",https://github.com/servo/rust-url,1381,345,146,Apache License 2.0,0.15300650227559973,2023-11-22 19:09:03.881753+00:00,502,2020-06-19 22:23:03.447945+00:00,1753,0
nom,246571931,34407301,2025-01-26T16:03:28.068915Z,2015-01-17T17:47:52.413792Z,8.0.0,"A byte-oriented, zero-copy, parser combinators library",https://github.com/rust-bakery/nom,9835,826,264,MIT License,0.13954265134907023,2025-01-26 16:03:28.068915+00:00,72,2015-01-17 17:47:52.413792+00:00,3733,0
nix,244332145,37603345,2024-05-24T12:23:09.842537Z,2014-11-11T22:15:48.567559Z,0.29.0,Rust friendly bindings to *nix APIs,https://github.com/nix-rust/nix,2780,687,276,MIT License,0.15390256979899228,2024-05-24 12:23:09.842537+00:00,319,2014-11-11 22:15:48.567559+00:00,3800,0
clap_lex,244118269,46064490,2024-12-05T21:15:27.308154Z,2022-04-15T19:08:14.988760Z,0.7.4,"Minimal, flexible command line parser",https://github.com/clap-rs/clap,14896,1091,352,Apache License 2.0,0.18869743009688472,2024-12-05 21:15:27.308154+00:00,123,2022-04-15 19:08:14.988760+00:00,1088,0
tinyvec_macros,240993812,31233425,2023-02-02T23:03:04.651564Z,2020-08-09T16:30:41.144543Z,0.1.1,Some macros for tiny containers,https://github.com/Soveu/tinyvec_macros,5,2,0,Apache License 2.0,0.12960260158049203,2023-02-02 23:03:04.651564+00:00,795,2020-08-09 16:30:41.144543+00:00,1703,0
cpufeatures,240595602,39779259,2025-01-25T01:35:46.131569Z,2021-04-26T17:07:17.776831Z,0.2.17,"Lightweight runtime CPU feature detection for aarch64, loongarch64, and x86/x86_64 targets, 
with no_std support and support for mobile targets including Android and iOS
",https://github.com/RustCrypto/utils,492,136,28,,0.16533660079123141,2025-01-25 01:35:46.131569+00:00,73,2021-04-26 17:07:17.776831+00:00,1443,0
windows-targets,236494591,50085038,2025-01-07T15:43:41.583963Z,2022-09-09T14:29:19.927693Z,0.53.0,Import libs for Windows,https://github.com/microsoft/windows-rs,11146,541,20,Apache License 2.0,0.21178090284525788,2025-01-07 15:43:41.583963+00:00,91,2022-09-09 14:29:19.927693+00:00,942,0
futures-macro,236106818,34790169,2024-10-05T07:07:15.104978Z,2019-11-06T18:21:14.020889Z,0.3.31,"The futures-rs procedural macro implementations.
",https://github.com/rust-lang/futures-rs,5574,644,249,Apache License 2.0,0.14734927730888314,2024-10-05 07:07:15.104978+00:00,185,2019-11-06 18:21:14.020889+00:00,1979,0
env_logger,234053873,32549251,2025-04-01T19:37:14.047276Z,2015-01-27T15:33:08.586936Z,0.11.8,"A logging implementation for `log` which is configured via an environment
variable.
",https://github.com/rust-cli/env_logger,919,138,40,Apache License 2.0,0.1390673462600638,2025-04-01 19:37:14.047276+00:00,6,2015-01-27 15:33:08.586936+00:00,3724,0
crossbeam-epoch,233814637,32295014,2024-01-08T12:56:47.048640Z,2017-11-26T17:32:53.106278Z,0.9.18,Epoch-based garbage collection,https://github.com/crossbeam-rs/crossbeam,7772,485,150,Apache License 2.0,0.1381222938579333,2024-01-08 12:56:47.048640+00:00,456,2017-11-26 17:32:53.106278+00:00,2690,0
httparse,231276965,35840312,2025-03-03T14:44:09.975762Z,2015-02-20T18:34:43.448730Z,1.10.1,"A tiny, safe, speedy, zero-copy HTTP/1.x parser.",https://github.com/seanmonstar/httparse,627,116,29,Apache License 2.0,0.1549670629757702,2025-03-03 14:44:09.975762+00:00,36,2015-02-20 18:34:43.448730+00:00,3699,0
termcolor,230519365,26314893,2024-01-10T12:40:32.427230Z,2016-11-20T20:45:01.476057Z,1.4.1,"A simple cross platform library for writing colored text to a terminal.
",https://github.com/BurntSushi/termcolor,478,48,13,The Unlicense,0.11415480430461883,2024-01-10 12:40:32.427230+00:00,454,2016-11-20 20:45:01.476057+00:00,3060,0
crc32fast,229304825,33555785,2024-05-20T15:47:13.301655Z,2018-11-13T12:53:18.900720Z,1.4.2,"Fast, SIMD-accelerated CRC32 (IEEE) checksum computation",https://github.com/srijs/rust-crc32fast,289,36,14,Apache License 2.0,0.14633702103738985,2024-05-20 15:47:13.301655+00:00,323,2018-11-13 12:53:18.900720+00:00,2338,0
futures-executor,228253674,33488770,2024-10-05T07:07:34.937861Z,2018-03-05T22:43:02.959105Z,0.3.31,"Executors for asynchronous tasks based on the futures-rs library.
",https://github.com/rust-lang/futures-rs,5574,644,249,Apache License 2.0,0.1467173316999927,2024-10-05 07:07:34.937861+00:00,185,2018-03-05 22:43:02.959105+00:00,2590,0
thread_local,228189904,31365288,2024-02-20T21:13:16.752Z,2016-04-08T07:42:40.999679Z,1.1.8,Per-object thread-local storage,https://github.com/Amanieu/thread_local-rs,341,45,11,Apache License 2.0,0.13745256670075992,2024-02-20 21:13:16.752000+00:00,412,2016-04-08 07:42:40.999679+00:00,3287,0
windows_aarch64_gnullvm,227352937,47550715,2025-01-07T15:42:32.178766Z,2022-09-01T20:55:47.169004Z,0.53.0,Import lib for Windows,https://github.com/microsoft/windows-rs,11146,541,20,Apache License 2.0,0.20914933243197997,2025-01-07 15:42:32.178766+00:00,91,2022-09-01 20:55:47.169004+00:00,949,0
windows_x86_64_gnullvm,227345987,47556461,2025-01-07T15:42:58.357250Z,2022-09-01T21:01:36.169638Z,0.53.0,Import lib for Windows,https://github.com/microsoft/windows-rs,11146,541,20,Apache License 2.0,0.20918100041062085,2025-01-07 15:42:58.357250+00:00,91,2022-09-01 21:01:36.169638+00:00,949,0
tokio-macros,225678133,35581813,2025-01-08T15:57:13.993235Z,2019-04-24T03:12:38.961545Z,2.5.0,"Tokio's proc macros.
",https://github.com/tokio-rs/tokio,28291,2593,344,MIT License,0.15766619710559196,2025-01-08 15:57:13.993235+00:00,90,2019-04-24 03:12:38.961545+00:00,2176,0
ring,223265472,42788223,2025-03-11T19:42:03.889273Z,2016-08-15T22:39:18.912891Z,0.17.14,An experiment.,https://github.com/briansmith/ring,3917,740,49,Other,0.1916472915256686,2025-03-11 19:42:03.889273+00:00,27,2016-08-15 22:39:18.912891+00:00,3157,0
untrusted,222532218,41786311,2021-07-13T22:13:26.650010Z,2016-06-05T23:47:03.228558Z,0.9.0,"Safe, fast, zero-panic, zero-crashing, zero-allocation parsing of untrusted inputs in Rust.",https://github.com/briansmith/untrusted,201,24,12,Other,0.1877764549131488,2021-07-13 22:13:26.650010+00:00,1364,2016-06-05 23:47:03.228558+00:00,3228,0
flate2,221701939,33599616,2025-04-02T00:59:51.994945Z,2014-11-11T06:37:58.925398Z,1.1.1,"DEFLATE compression and decompression exposed as Read/BufRead/Write streams.
Supports miniz_oxide and multiple zlib implementations. Supports zlib, gzip,
and raw deflate streams.
",https://github.com/rust-lang/flate2-rs,991,173,24,Apache License 2.0,0.15155309940703765,2025-04-02 00:59:51.994945+00:00,6,2014-11-11 06:37:58.925398+00:00,3801,0
async-trait,221167644,34515601,2025-03-15T01:00:14.583735Z,2019-07-23T16:10:00.020678Z,0.1.88,Type erasure for async trait methods,https://github.com/dtolnay/async-trait,1959,87,6,Apache License 2.0,0.15606080697771507,2025-03-15 01:00:14.583735+00:00,24,2019-07-23 16:10:00.020678+00:00,2086,0
crossbeam-channel,220794731,27397646,2024-12-15T15:26:35.399605Z,2017-11-26T19:20:24.266475Z,0.5.14,Multi-producer multi-consumer channels for message passing,https://github.com/crossbeam-rs/crossbeam,7772,485,150,Apache License 2.0,0.12408650277075679,2024-12-15 15:26:35.399605+00:00,114,2017-11-26 19:20:24.266475+00:00,2689,0
crossbeam-deque,219981346,32676002,2024-12-15T15:29:28.168345Z,2017-11-26T18:02:02.212875Z,0.8.6,Concurrent work-stealing deque,https://github.com/crossbeam-rs/crossbeam,7772,485,150,Apache License 2.0,0.14853987664935916,2024-12-15 15:29:28.168345+00:00,114,2017-11-26 18:02:02.212875+00:00,2689,0
textwrap,218953416,19903024,2025-03-03T17:01:53.984799Z,2016-12-17T01:34:45.436054Z,0.16.2,"Library for word wrapping, indenting, and dedenting strings. Has optional support for Unicode and emojis as well as machine hyphenation.",https://github.com/mgeisler/textwrap,487,46,27,MIT License,0.09090072383250691,2025-03-03 17:01:53.984799+00:00,36,2016-12-17 01:34:45.436054+00:00,3034,0
tracing-attributes,218774967,35779267,2024-11-26T22:23:02.732936Z,2019-08-08T22:42:06.221385Z,0.1.28,"Procedural macro attributes for automatically instrumenting functions.
",https://github.com/tokio-rs/tracing,5827,773,751,MIT License,0.16354369739203298,2024-11-26 22:23:02.732936+00:00,132,2019-08-08 22:42:06.221385+00:00,2069,0
hex,216106076,32544053,2021-03-03T10:48:58.682837Z,2015-10-23T05:46:39.823534Z,0.4.3,Encoding and decoding data into/from hexadecimal representation.,https://github.com/KokaKiwi/rust-hex,215,57,34,Apache License 2.0,0.15059295695138158,2021-03-03 10:48:58.682837+00:00,1497,2015-10-23 05:46:39.823534+00:00,3455,0
wasi,213763279,41670109,2025-02-28T17:50:49.661785Z,2019-03-27T16:47:22.126268Z,0.14.2+wasi-0.2.4,WASI API bindings for Rust,https://github.com/bytecodealliance/wasi-rs,290,49,2,Apache License 2.0,0.19493576817747074,2025-02-28 17:50:49.661785+00:00,38,2019-03-27 16:47:22.126268+00:00,2204,0
mime,213246480,32426215,2023-03-20T15:05:04.272177Z,2014-11-20T08:33:46.224820Z,0.3.17,Strongly Typed Mimes,https://github.com/hyperium/mime,190,79,48,MIT License,0.15205979015456667,2023-03-20 15:05:04.272177+00:00,750,2014-11-20 08:33:46.224820+00:00,3792,0
object,213203082,33021906,2024-12-21T12:45:17.244555Z,2016-08-19T20:44:53.178735Z,0.36.7,A unified interface for reading and writing object file formats.,https://github.com/gimli-rs/object,713,161,34,Apache License 2.0,0.15488474974297042,2024-12-21 12:45:17.244555+00:00,108,2016-08-19 20:44:53.178735+00:00,3153,0
toml_edit,212923542,48994143,2025-02-10T20:54:41.632313Z,2017-12-17T22:25:35.748546Z,0.22.24,Yet another format-preserving TOML parser.,https://github.com/toml-rs/toml,800,117,81,Apache License 2.0,0.23010204761669803,2025-02-10 20:54:41.632313+00:00,56,2017-12-17 22:25:35.748546+00:00,2668,0
tokio-rustls,211931558,43700089,2025-03-01T14:02:35.644698Z,2017-02-22T05:32:09.546440Z,0.26.2,Asynchronous TLS/SSL streams for Tokio using Rustls.,https://github.com/rustls/tokio-rustls,147,79,16,Apache License 2.0,0.20619906451119469,2025-03-01 14:02:35.644698+00:00,38,2017-02-22 05:32:09.546440+00:00,2967,0
pin-project,209272535,30157688,2025-03-03T16:49:30.727281Z,2019-01-08T15:11:01.560092Z,1.1.10,"A crate for safe and ergonomic pin-projection.
",https://github.com/taiki-e/pin-project,643,34,4,Apache License 2.0,0.1441072427397126,2025-03-03 16:49:30.727281+00:00,36,2019-01-08 15:11:01.560092+00:00,2282,0
pin-project-internal,209173851,30153351,2025-03-03T16:48:37.574097Z,2019-08-11T15:42:07.442573Z,1.1.10,"Implementation detail of the `pin-project` crate.
",https://github.com/taiki-e/pin-project,643,34,4,Apache License 2.0,0.1441544956783341,2025-03-03 16:48:37.574097+00:00,36,2019-08-11 15:42:07.442573+00:00,2067,0
want,209047597,31286446,2023-06-14T21:50:52.862160Z,2018-03-15T19:26:09.951353Z,0.3.1,Detect when another Future wants a result.,https://github.com/seanmonstar/want,39,4,1,MIT License,0.14966183036296754,2023-06-14 21:50:52.862160+00:00,663,2018-03-15 19:26:09.951353+00:00,2580,0
try-lock,206735462,31535899,2023-12-07T16:13:16.960779Z,2018-03-15T19:23:44.274814Z,0.2.5,A lightweight atomic lock.,https://github.com/seanmonstar/try-lock,37,7,1,MIT License,0.15254228130440436,2023-12-07 16:13:16.960779+00:00,488,2018-03-15 19:23:44.274814+00:00,2580,0
gimli,206523526,32597674,2024-10-04T08:32:55.705085Z,2016-06-15T02:48:38.339028Z,0.31.1,A library for reading and writing the DWARF debugging format.,https://github.com/gimli-rs/gimli,881,112,54,Apache License 2.0,0.1578400031771683,2024-10-04 08:32:55.705085+00:00,186,2016-06-15 02:48:38.339028+00:00,3219,0
subtle,206305437,35233114,2024-06-24T17:25:24.458503Z,2017-05-31T04:19:18.671882Z,2.6.1,Pure-Rust traits and utilities for constant-time cryptographic implementations.,https://github.com/dalek-cryptography/subtle,269,90,37,"BSD 3-Clause ""New"" or ""Revised"" License",0.170781315860328,2024-06-24 17:25:24.458503+00:00,288,2017-05-31 04:19:18.671882+00:00,2869,0
time-macros,206187214,34560354,2025-03-23T21:44:47.804411Z,2019-12-02T06:06:16.262989Z,0.2.22,"    Procedural macros for the time crate.
    This crate is an implementation detail and should not be relied upon directly.
",https://github.com/time-rs/time,1168,282,18,Apache License 2.0,0.1676163779971342,2025-03-23 21:44:47.804411+00:00,15,2019-12-02 06:06:16.262989+00:00,1954,0
errno,204769512,42780844,2025-04-04T11:12:25.745222Z,2015-03-19T21:26:09.647306Z,0.3.11,Cross-platform interface to the `errno` variable.,https://github.com/lambda-fairy/rust-errno,69,43,2,Apache License 2.0,0.20892194146558302,2025-04-04 11:12:25.745222+00:00,4,2015-03-19 21:26:09.647306+00:00,3672,0
arrayvec,204528643,31881179,2024-08-17T12:14:16.953307Z,2015-05-19T15:27:57.651929Z,0.7.6,"A vector with fixed capacity, backed by an array (it can be stored on the stack too). Implements fixed capacity ArrayVec and ArrayString.",https://github.com/bluss/arrayvec,804,140,64,Apache License 2.0,0.1558763532206098,2024-08-17 12:14:16.953307+00:00,234,2015-05-19 15:27:57.651929+00:00,3612,0
clap_derive,204317283,38378485,2025-03-10T20:46:30.053858Z,2020-05-03T07:51:45.713663Z,4.5.32,"Parse command line argument by defining a struct, derive crate.",https://github.com/clap-rs/clap,14896,1091,352,Apache License 2.0,0.18783768282588215,2025-03-10 20:46:30.053858+00:00,28,2020-05-03 07:51:45.713663+00:00,1801,0
adler,203904620,16438501,2021-02-26T12:12:02.566Z,2020-06-25T22:07:19.741753Z,1.0.2,A simple clean-room implementation of the Adler-32 checksum,https://github.com/jonas-schievink/adler,11,7,1,BSD Zero Clause License,0.08061858039312694,2021-02-26 12:12:02.566000+00:00,1502,2020-06-25 22:07:19.741753+00:00,1747,0
walkdir,203433450,31060035,2024-03-01T17:55:09.221032Z,2015-09-27T05:01:40.286066Z,2.5.0,Recursively walk a directory.,https://github.com/BurntSushi/walkdir,1356,113,44,The Unlicense,0.15267909480962938,2024-03-01 17:55:09.221032+00:00,402,2015-09-27 05:01:40.286066+00:00,3481,0
crypto-common,203106702,35171325,2025-02-22T18:52:29.741408Z,2021-02-10T22:26:47.773408Z,0.2.0-rc.2,Common cryptographic traits,https://github.com/RustCrypto/traits,641,212,57,,0.17316673774753136,2025-02-22 18:52:29.741408+00:00,44,2021-02-10 22:26:47.773408+00:00,1517,0
httpdate,202988831,29358686,2023-08-13T10:55:54.391658Z,2016-10-15T10:48:40.752919Z,1.0.3,HTTP date parsing and formatting,https://github.com/pyfisch/httpdate,51,15,3,Apache License 2.0,0.14463202657687113,2023-08-13 10:55:54.391658+00:00,604,2016-10-15 10:48:40.752919+00:00,3097,0
tower-service,202981287,31940989,2024-08-13T16:23:33.548845Z,2018-02-19T17:50:18.964360Z,0.3.3,"Trait representing an asynchronous, request / response based, client or server.
",https://github.com/tower-rs/tower,3742,292,83,MIT License,0.15735927913394301,2024-08-13 16:23:33.548845+00:00,238,2018-02-19 17:50:18.964360+00:00,2604,0
rustc-demangle,202482241,30026498,2024-05-07T12:12:25.371782Z,2016-05-13T20:00:42.138724Z,0.1.24,"Rust compiler symbol demangling.
",https://github.com/rust-lang/rustc-demangle,244,54,17,Apache License 2.0,0.14829200749511656,2024-05-07 12:12:25.371782+00:00,336,2016-05-13 20:00:42.138724+00:00,3251,0
signal-hook-registry,202283270,31352109,2024-04-21T10:08:11.191480Z,2019-04-28T14:02:25.476340Z,1.4.2,Backend crate for signal-hook,https://github.com/vorner/signal-hook,763,76,21,Apache License 2.0,0.15499111221605227,2024-04-21 10:08:11.191480+00:00,352,2019-04-28 14:02:25.476340+00:00,2172,0
glob,201050521,32783738,2024-12-29T00:12:04.334018Z,2014-11-11T05:37:15.865977Z,0.3.2,"Support for matching file paths against Unix shell style patterns.
",https://github.com/rust-lang/glob,524,82,41,Apache License 2.0,0.16306218873215453,2024-12-29 00:12:04.334018+00:00,100,2014-11-11 05:37:15.865977+00:00,3801,0
hermit-abi,200467356,36074681,2025-03-05T13:22:10.717387Z,2019-10-20T07:34:22.550962Z,0.5.0,Hermit system calls definitions.,https://github.com/hermit-os/hermit-rs,1759,92,29,Apache License 2.0,0.17995289467478187,2025-03-05 13:22:10.717387+00:00,34,2019-10-20 07:34:22.550962+00:00,1997,0
reqwest,199443454,36763522,2025-03-18T16:48:20.397620Z,2016-10-16T17:29:41.599749Z,0.12.15,higher level HTTP client library,https://github.com/seanmonstar/reqwest,10484,1209,456,Apache License 2.0,0.184330552157405,2025-03-18 16:48:20.397620+00:00,21,2016-10-16 17:29:41.599749+00:00,3096,0
winapi,198259966,24102583,2020-06-26T11:34:33.480855Z,2014-11-29T13:35:24.366255Z,0.3.9,Raw FFI bindings for all of Windows API.,https://github.com/retep998/winapi-rs,1870,393,277,Apache License 2.0,0.12157059988601027,2020-06-26 11:34:33.480855+00:00,1747,2014-11-29 13:35:24.366255+00:00,3783,0
rustls-pemfile,196817201,42331539,2024-09-30T16:29:22.598843Z,2020-12-28T14:24:30.384877Z,2.2.0,Basic .pem file parser for keys and certificates,https://github.com/rustls/pemfile,58,19,0,Other,0.21508048475905314,2024-09-30 16:29:22.598843+00:00,190,2020-12-28 14:24:30.384877+00:00,1562,0
humantime,195875677,27411836,2025-03-12T22:26:08.298966Z,2016-05-20T21:32:51.043935Z,2.2.0,"A parser and formatter for std::time::{Duration, SystemTime}",https://github.com/chronotope/humantime,323,39,14,Apache License 2.0,0.13994507342532375,2025-03-12 22:26:08.298966+00:00,26,2016-05-20 21:32:51.043935+00:00,3244,0
backtrace,195524524,28440602,2024-09-08T22:58:38.768906Z,2015-06-10T08:23:39.379972Z,0.3.74,"A library to acquire a stack trace (backtrace) at runtime in a Rust program.
",https://github.com/rust-lang/backtrace-rs,565,258,56,Other,0.14545797845798616,2024-09-08 22:58:38.768906+00:00,211,2015-06-10 08:23:39.379972+00:00,3590,0
num-bigint,195506016,30198610,2025-01-25T00:26:55.294210Z,2016-04-14T07:41:44.715174Z,0.4.6,Big integer implementation for Rust,https://github.com/rust-num/num-bigint,555,195,70,Apache License 2.0,0.154463840130628,2025-01-25 00:26:55.294210+00:00,73,2016-04-14 07:41:44.715174+00:00,3281,0
atty,194234520,13035945,2020-01-05T22:19:33.123499Z,2015-07-10T00:25:05.224059Z,0.2.14,A simple interface for querying atty,https://github.com/softprops/atty,280,51,23,MIT License,0.06711446039560837,2020-01-05 22:19:33.123499+00:00,1919,2015-07-10 00:25:05.224059+00:00,3560,0
darling_core,192508122,34639517,2025-03-28T20:05:00.260571Z,2017-05-15T19:25:03.051442Z,0.20.11,"Helper crate for proc-macro library for reading attributes into structs when
implementing custom derives. Use https://crates.io/crates/darling in your code.
",https://github.com/TedDriggs/darling,1101,71,11,MIT License,0.1799379508777297,2025-03-28 20:05:00.260571+00:00,10,2017-05-15 19:25:03.051442+00:00,2884,0
darling_macro,192483213,34628921,2025-03-28T20:05:07.944299Z,2017-05-15T19:25:34.841634Z,0.20.11,"Internal support for a proc-macro library for reading attributes into structs when
implementing custom derives. Use https://crates.io/crates/darling in your code.
",https://github.com/TedDriggs/darling,1101,71,11,MIT License,0.17990618745542242,2025-03-28 20:05:07.944299+00:00,10,2017-05-15 19:25:34.841634+00:00,2884,0
darling,192478558,34631726,2025-03-28T20:05:16.077464Z,2017-05-15T19:26:00.393283Z,0.20.11,"A proc-macro library for reading attributes into structs when
implementing custom derives.
",https://github.com/TedDriggs/darling,1101,71,11,MIT License,0.17992511145059598,2025-03-28 20:05:16.077464+00:00,10,2017-05-15 19:26:00.393283+00:00,2884,0
same-file,192167309,30030150,2020-01-11T17:02:30.960838Z,2017-01-08T23:00:41.755668Z,1.0.6,"A simple crate for determining whether two file paths point to the same file.
",https://github.com/BurntSushi/same-file,112,20,5,The Unlicense,0.15627085666272197,2020-01-11 17:02:30.960838+00:00,1914,2017-01-08 23:00:41.755668+00:00,3011,0
addr2line,191576480,30293019,2024-10-04T09:02:01.134792Z,2016-12-03T21:33:01.794743Z,0.24.2,"A cross-platform symbolication library written in Rust, using `gimli`",https://github.com/gimli-rs/addr2line,349,68,9,Apache License 2.0,0.15812493788381538,2024-10-04 09:02:01.134792+00:00,186,2016-12-03 21:33:01.794743+00:00,3047,0
paste,191369781,30886103,2024-05-07T01:50:22.784771Z,2018-11-01T02:52:18.319383Z,1.0.15,Macros for all your token pasting needs,https://github.com/dtolnay/paste,1044,61,12,Apache License 2.0,0.16139488083544393,2024-05-07 01:50:22.784771+00:00,336,2018-11-01 02:52:18.319383+00:00,2350,0
hmac,190914658,27365003,2025-03-07T13:57:48.652087Z,2016-10-06T21:23:44.676009Z,0.13.0-pre.5,Generic implementation of Hash-based Message Authentication Code (HMAC),https://github.com/RustCrypto/MACs,280,36,2,,0.14333631208139083,2025-03-07 13:57:48.652087+00:00,32,2016-10-06 21:23:44.676009+00:00,3105,0
iana-time-zone,190343310,35825363,2025-03-31T15:30:18.770020Z,2020-06-27T11:01:58.126511Z,0.1.63,get the IANA time zone for the current system,https://github.com/strawlab/iana-time-zone,41,19,4,Other,0.18821445839099887,2025-03-31 15:30:18.770020+00:00,8,2020-06-27 11:01:58.126511+00:00,1746,0
encoding_rs,189421055,29025138,2024-10-24T09:22:44.123986Z,2016-07-09T12:27:23.194308Z,0.8.35,A Gecko-oriented implementation of the Encoding Standard,https://github.com/hsivonen/encoding_rs,406,56,21,Other,0.15323079052642802,2024-10-24 09:22:44.123986+00:00,166,2016-07-09 12:27:23.194308+00:00,3195,0
serde_urlencoded,188501537,29198758,2022-01-17T11:26:21.628923Z,2016-09-11T11:46:40.652101Z,0.7.1,`x-www-form-urlencoded` meets Serde,https://github.com/nox/serde_urlencoded,243,71,17,Apache License 2.0,0.15489930991915465,2022-01-17 11:26:21.628923+00:00,1177,2016-09-11 11:46:40.652101+00:00,3131,0
rayon,187379768,27917235,2024-03-24T05:24:47.903463Z,2015-12-10T22:38:20.637638Z,1.10.0,Simple work-stealing parallelism for Rust,https://github.com/rayon-rs/rayon,11629,517,211,Apache License 2.0,0.14898745631919025,2024-03-24 05:24:47.903463+00:00,380,2015-12-10 22:38:20.637638+00:00,3406,0
unicode-segmentation,186658659,23611792,2024-09-13T17:05:55.908935Z,2015-04-14T23:28:47.673940Z,1.12.0,"This crate provides Grapheme Cluster, Word and Sentence boundaries
according to Unicode Standard Annex #29 rules.
",https://github.com/unicode-rs/unicode-segmentation,601,60,26,Other,0.12649716935982058,2024-09-13 17:05:55.908935+00:00,207,2015-04-14 23:28:47.673940+00:00,3646,0
rustversion,185614597,35749484,2025-03-04T00:13:12.711336Z,2019-07-08T03:49:21.699801Z,1.0.20,Conditional compilation according to rustc compiler version,https://github.com/dtolnay/rustversion,351,17,3,Apache License 2.0,0.19260060672922183,2025-03-04 00:13:12.711336+00:00,35,2019-07-08 03:49:21.699801+00:00,2101,0
strum_macros,184765121,35139734,2025-02-17T00:25:43.464824Z,2017-02-12T07:05:29.029980Z,0.27.1,Helpful macros for working with enums and strings,https://github.com/Peternator7/strum,1972,164,67,MIT License,0.19018597130136916,2025-02-17 00:25:43.464824+00:00,50,2017-02-12 07:05:29.029980+00:00,2977,0
rayon-core,184531847,27598813,2024-01-17T17:56:12.833437Z,2017-03-11T20:11:25.040031Z,1.12.1,Core APIs for Rayon,https://github.com/rayon-rs/rayon,11629,517,211,Apache License 2.0,0.1495612461950809,2024-01-17 17:56:12.833437+00:00,446,2017-03-11 20:11:25.040031+00:00,2949,0
winnow,183707902,50184052,2025-04-07T20:58:33.532043Z,2023-02-22T17:01:25.112233Z,0.7.6,"A byte-oriented, zero-copy, parser combinators library",https://github.com/winnow-rs/winnow,699,57,53,Other,0.2731730723265241,2025-04-07 20:58:33.532043+00:00,0,2023-02-22 17:01:25.112233+00:00,776,0
rustc-hash,183082753,42537047,2025-02-05T18:34:34.388524Z,2018-05-24T13:05:52.176874Z,2.1.1,"A speedy, non-cryptographic hashing algorithm used by rustc",https://github.com/rust-lang/rustc-hash,455,52,6,Apache License 2.0,0.23233781611313217,2025-02-05 18:34:34.388524+00:00,61,2018-05-24 13:05:52.176874+00:00,2511,0
minimal-lexical,182475461,30997714,2021-10-04T10:53:11.629475Z,2021-04-27T23:04:12.608012Z,0.2.1,Fast float parsing conversion routines.,https://github.com/Alexhuszagh/minimal-lexical,22,5,5,Other,0.16987332888557546,2021-10-04 10:53:11.629475+00:00,1282,2021-04-27 23:04:12.608012+00:00,1441,0
webpki-roots,181191095,33958610,2025-01-31T00:34:47.084757Z,2016-08-28T13:40:20.874613Z,0.26.8,Mozilla's CA root certificates for use with webpki,https://github.com/rustls/webpki-roots,109,49,0,Apache License 2.0,0.1874187580796948,2025-01-31 00:34:47.084757+00:00,67,2016-08-28 13:40:20.874613+00:00,3145,0
ipnet,177417315,30115138,2025-01-20T00:33:10.616110Z,2017-08-14T20:09:09.629621Z,2.11.0,"Provides types and useful methods for working with IPv4 and IPv6 network addresses, commonly called IP prefixes. The new `IpNet`, `Ipv4Net`, and `Ipv6Net` types build on the existing `IpAddr`, `Ipv4Addr`, and `Ipv6Addr` types already provided in Rust's standard library and align to their design to stay consistent. The module also provides useful traits that extend `Ipv4Addr` and `Ipv6Addr` with methods for `Add`, `Sub`, `BitAnd`, and `BitOr` operations. The module only uses stable feature so it is guaranteed to compile using the stable toolchain.",https://github.com/krisprice/ipnet,140,30,9,Apache License 2.0,0.16974182029527388,2025-01-20 00:33:10.616110+00:00,78,2017-08-14 20:09:09.629621+00:00,2793,0
strum,177075922,34498057,2025-02-17T00:25:58.032415Z,2017-02-12T07:07:10.075292Z,0.27.1,Helpful macros for working with enums and strings,https://github.com/Peternator7/strum,1972,164,67,MIT License,0.19482071085870162,2025-02-17 00:25:58.032415+00:00,50,2017-02-12 07:07:10.075292+00:00,2977,0
libloading,176728855,26982306,2024-11-29T16:49:13.965316Z,2015-11-08T12:22:07.864268Z,0.8.6,Bindings around the platform's dynamic library loading primitives with greatly improved memory safety.,https://github.com/nagisa/rust_libloading,1300,110,18,ISC License,0.15267629046767717,2024-11-29 16:49:13.965316+00:00,130,2015-11-08 12:22:07.864268+00:00,3439,0
zeroize,176518203,33851765,2024-05-25T19:10:18.831246Z,2018-10-03T09:33:21.998452Z,1.8.1,"Securely clear secrets from memory with a simple trait built on
stable Rust primitives which guarantee memory is zeroed using an
operation will not be 'optimized away' by the compiler.
Uses a portable pure Rust implementation that works everywhere,
even WASM!
",https://github.com/RustCrypto/utils/tree/master/zeroize,,,,,0.19177492419861084,2024-05-25 19:10:18.831246+00:00,317,2018-10-03 09:33:21.998452+00:00,2379,1
openssl-sys,175469462,25920079,2025-04-04T12:52:26.443899Z,2014-11-11T06:38:37.917011Z,0.9.107,FFI bindings to OpenSSL,https://github.com/sfackler/rust-openssl,1455,761,286,,0.14771846168879232,2025-04-04 12:52:26.443899+00:00,4,2014-11-11 06:38:37.917011+00:00,3801,0
tracing-subscriber,175013127,29997371,2024-11-29T16:29:24.377071Z,2019-06-27T22:06:39.700601Z,0.3.19,"Utilities for implementing and composing `tracing` subscribers.
",https://github.com/tokio-rs/tracing,5827,773,751,MIT License,0.17140069156069648,2024-11-29 16:29:24.377071+00:00,130,2019-06-27 22:06:39.700601+00:00,2111,0
equivalent,173405870,46074098,2025-02-14T22:14:18.212755Z,2023-02-05T22:54:27.715050Z,1.0.2,Traits for key comparison in maps.,https://github.com/indexmap-rs/equivalent,25,4,4,Apache License 2.0,0.2657009131236445,2025-02-14 22:14:18.212755+00:00,52,2023-02-05 22:54:27.715050+00:00,792,0
openssl-probe,173308746,28113244,2025-01-23T16:14:49.108354Z,2016-11-06T05:25:41.005024Z,0.1.6,"Tool for helping to find SSL certificate locations on the system for OpenSSL
",https://github.com/alexcrichton/openssl-probe,56,18,12,Apache License 2.0,0.16221480247742373,2025-01-23 16:14:49.108354+00:00,75,2016-11-06 05:25:41.005024+00:00,3075,0
instant,171702746,20142918,2024-05-17T19:56:13.760985Z,2019-04-09T08:42:23.290642Z,0.1.13,"Unmaintained, consider using web-time instead - A partial replacement for std::time::Instant that works on WASM to.",https://github.com/sebcrozet/instant,113,40,15,"BSD 3-Clause ""New"" or ""Revised"" License",0.11731273068865189,2024-05-17 19:56:13.760985+00:00,325,2019-04-09 08:42:23.290642+00:00,2191,0
event-listener,170055755,36779640,2025-01-08T02:19:54.075080Z,2020-05-16T17:53:08.377375Z,5.4.0,Notify async tasks or threads,https://github.com/smol-rs/event-listener,462,33,4,Apache License 2.0,0.2162798900866366,2025-01-08 02:19:54.075080+00:00,90,2020-05-16 17:53:08.377375+00:00,1787,0
static_assertions,169982389,25826077,2019-11-03T17:02:11.618786Z,2017-08-13T00:07:30.041787Z,1.1.0,Compile-time assertions to ensure that invariants are met.,https://github.com/nvzqz/static-assertions-rs,611,23,36,Apache License 2.0,0.15193383945203875,2019-11-03 17:02:11.618786+00:00,1983,2017-08-13 00:07:30.041787+00:00,2795,0
shlex,166395035,41798132,2024-01-22T05:15:15.585884Z,2015-06-22T23:35:40.217184Z,1.3.0,"Split a string into shell words, like Python's shlex.",https://github.com/comex/rust-shlex,117,14,7,Other,0.2511981923018316,2024-01-22 05:15:15.585884+00:00,442,2015-06-22 23:35:40.217184+00:00,3577,0
tracing-log,166228111,28828285,2023-10-25T17:01:37.024993Z,2019-06-27T22:04:20.989322Z,0.2.0,"Provides compatibility between `tracing` and the `log` crate.
",https://github.com/tokio-rs/tracing,5827,773,751,MIT License,0.17342605186676277,2023-10-25 17:01:37.024993+00:00,531,2019-06-27 22:04:20.989322+00:00,2111,0
which,165568208,20951725,2025-02-06T07:13:33.209772Z,2015-10-06T11:33:07.444737Z,7.0.2,"A Rust equivalent of Unix command ""which"". Locate installed executable in cross platforms.",https://github.com/harryfei/which-rs,225,54,3,MIT License,0.1265443725766483,2025-02-06 07:13:33.209772+00:00,61,2015-10-06 11:33:07.444737+00:00,3472,0
rustls-webpki,165484382,43575444,2025-03-25T14:53:20.448220Z,2023-01-09T16:48:34.685301Z,0.103.1,Web PKI X.509 Certificate Verification.,https://github.com/rustls/webpki,112,56,13,Other,0.2633205833285222,2025-03-25 14:53:20.448220+00:00,14,2023-01-09 16:48:34.685301+00:00,820,0
hyper-rustls,165259565,36350412,2024-12-20T15:20:05.608181Z,2016-10-08T09:37:41.910219Z,0.27.5,Rustls+hyper integration for pure rust HTTPS,https://github.com/rustls/hyper-rustls,322,153,20,Other,0.21995950431068848,2024-12-20 15:20:05.608181+00:00,109,2016-10-08 09:37:41.910219+00:00,3104,0
clap_builder,164661020,40387266,2025-04-01T16:51:55.678682Z,2023-03-28T00:41:44.344826Z,4.5.35,"A simple to use, efficient, and full-featured Command Line Argument Parser",https://github.com/clap-rs/clap,14896,1091,352,Apache License 2.0,0.2452752084251634,2025-04-01 16:51:55.678682+00:00,7,2023-03-28 00:41:44.344826+00:00,742,0
prost,164145250,36160221,2025-02-12T06:59:20.501505Z,2017-06-25T07:39:15.991516Z,0.13.5,A Protocol Buffers implementation for the Rust Language.,https://github.com/tokio-rs/prost,4190,533,213,Apache License 2.0,0.2202940444514843,2025-02-12 06:59:20.501505+00:00,55,2017-06-25 07:39:15.991516+00:00,2844,0
prost-derive,163995050,36098305,2025-02-12T06:59:07.397388Z,2017-06-25T07:38:48.366541Z,0.13.5,Generate encoding and decoding implementations for Prost annotated types.,https://github.com/tokio-rs/prost,4190,533,213,Apache License 2.0,0.22011825966698384,2025-02-12 06:59:07.397388+00:00,55,2017-06-25 07:38:48.366541+00:00,2844,0
anstyle,161777095,38606671,2024-11-01T13:59:38.779125Z,2022-05-18T20:59:53.360865Z,1.0.10,ANSI text styling,https://github.com/rust-cli/anstyle,131,24,14,Other,0.23864114385290452,2024-11-01 13:59:38.779125+00:00,158,2022-05-18 20:59:53.360865+00:00,1055,0
proc-macro-crate,161774282,28240154,2025-03-06T12:32:01.383701Z,2019-02-11T10:38:10.168331Z,3.3.0,"Replacement for crate (macro_rules keyword) in proc-macros
",https://github.com/bkchr/proc-macro-crate,69,19,4,Apache License 2.0,0.1745651635777311,2025-03-06 12:32:01.383701+00:00,33,2019-02-11 10:38:10.168331+00:00,2248,0
time-core,161224603,33134326,2025-03-18T06:52:34.086824Z,2020-12-17T01:08:57.508248Z,0.1.4,This crate is an implementation detail and should not be relied upon directly.,https://github.com/time-rs/time,1168,282,18,Apache License 2.0,0.20551656126577653,2025-03-18 06:52:34.086824+00:00,21,2020-12-17 01:08:57.508248+00:00,1573,0
bumpalo,161074983,27820551,2025-01-28T17:37:33.332880Z,2018-11-24T06:21:56.420457Z,3.17.0,A fast bump allocation arena for Rust.,https://github.com/fitzgen/bumpalo,1654,119,31,Apache License 2.0,0.17271801295176917,2025-01-28 17:37:33.332880+00:00,70,2018-11-24 06:21:56.420457+00:00,2327,0
phf_shared,159327758,28815325,2025-01-06T20:29:20.816261Z,2014-11-22T22:27:31.946226Z,0.11.3,Support code shared by PHF libraries,https://github.com/rust-phf/rust-phf,1910,122,31,MIT License,0.18085564851794375,2025-01-06 20:29:20.816261+00:00,91,2014-11-22 22:27:31.946226+00:00,3789,0
sharded-slab,159141410,27622173,2023-10-04T19:37:55.401239Z,2019-10-02T23:38:13.973505Z,0.1.7,"A lock-free concurrent slab.
",https://github.com/hawkw/sharded-slab,280,25,31,MIT License,0.17356999036265922,2023-10-04 19:37:55.401239+00:00,551,2019-10-02 23:38:13.973505+00:00,2014,0
jobserver,158335169,26861078,2025-04-01T17:06:18.381864Z,2017-05-28T20:12:06.126106Z,0.1.33,"An implementation of the GNU Make jobserver for Rust.
",https://github.com/rust-lang/jobserver-rs,72,42,15,Apache License 2.0,0.16964694685108145,2025-04-01 17:06:18.381864+00:00,7,2017-05-28 20:12:06.126106+00:00,2871,0
openssl,158261210,23836343,2025-04-04T12:52:48.999808Z,2014-11-21T06:54:00.684701Z,0.10.72,OpenSSL bindings,https://github.com/sfackler/rust-openssl,1455,761,286,,0.15061393123431824,2025-04-04 12:52:48.999808+00:00,4,2014-11-21 06:54:00.684701+00:00,3791,0
foreign-types,157954153,25138138,2019-10-13T19:24:15.900127Z,2017-01-31T04:36:40.076916Z,0.5.0,A framework for Rust wrappers over C APIs,https://github.com/sfackler/foreign-types,50,8,3,Apache License 2.0,0.15914831944937846,2019-10-13 19:24:15.900127+00:00,2003,2017-01-31 04:36:40.076916+00:00,2989,0
foreign-types-shared,157389564,25140999,2022-03-21T22:06:37.413498Z,2017-11-26T23:56:57.865334Z,0.3.1,An internal crate used by foreign-types,https://github.com/sfackler/foreign-types,50,8,3,Apache License 2.0,0.15973739529515438,2022-03-21 22:06:37.413498+00:00,1113,2017-11-26 23:56:57.865334+00:00,2689,0
opaque-debug,155699061,16045236,2024-03-01T12:08:32.543535Z,2017-11-26T15:55:55.619753Z,0.3.1,Macro for opaque Debug trait implementation,https://github.com/RustCrypto/utils,492,136,28,,0.10305287582948236,2024-03-01 12:08:32.543535+00:00,403,2017-11-26 15:55:55.619753+00:00,2690,0
zerocopy,154764701,53304875,2025-04-07T23:25:20.789148Z,2018-08-15T05:46:29.013597Z,0.9.0-alpha.0,"Zerocopy makes zero-cost memory manipulation effortless. We write ""unsafe"" so you don't have to.",https://github.com/google/zerocopy,1844,110,261,Apache License 2.0,0.3444252769240965,2025-04-07 23:25:20.789148+00:00,0,2018-08-15 05:46:29.013597+00:00,2428,0
wasm-bindgen,152155896,25193770,2025-01-12T23:18:04.182224Z,2018-03-06T04:24:26.947567Z,0.2.100,"Easy support for interacting between JS and Rust.
",https://github.com/rustwasm/wasm-bindgen,8154,1101,499,Apache License 2.0,0.16557866413536812,2025-01-12 23:18:04.182224+00:00,85,2018-03-06 04:24:26.947567+00:00,2590,0
wasm-bindgen-backend,151979354,25163604,2025-01-12T23:13:08.274393Z,2018-04-03T21:02:46.090931Z,0.2.100,"Backend code generation of the wasm-bindgen tool
",https://github.com/rustwasm/wasm-bindgen/tree/master/crates/backend,,,,,0.16557251585633137,2025-01-12 23:13:08.274393+00:00,85,2018-04-03 21:02:46.090931+00:00,2561,1
wasm-bindgen-macro,151896465,25139394,2025-01-12T23:17:11.755452Z,2018-03-06T04:21:14.486723Z,0.2.100,"Definition of the `#[wasm_bindgen]` attribute, an internal dependency
",https://github.com/rustwasm/wasm-bindgen/tree/master/crates/macro,,,,,0.1655034829151554,2025-01-12 23:17:11.755452+00:00,85,2018-03-06 04:21:14.486723+00:00,2590,1
wasm-bindgen-macro-support,151834671,25142928,2025-01-12T23:13:11.492596Z,2018-08-13T21:31:57.296968Z,0.2.100,"The part of the implementation of the `#[wasm_bindgen]` attribute that is not in the shared backend crate
",https://github.com/rustwasm/wasm-bindgen/tree/master/crates/macro-support,,,,,0.16559411519388745,2025-01-12 23:13:11.492596+00:00,85,2018-08-13 21:31:57.296968+00:00,2429,1
sync_wrapper,151718283,40204709,2024-11-20T16:29:59.416129Z,2020-05-16T18:10:10.458779Z,1.0.2,A tool for enlisting the compiler's help in proving the absence of concurrency,https://github.com/Actyx/sync_wrapper,30,9,1,Apache License 2.0,0.2649958080530084,2024-11-20 16:29:59.416129+00:00,139,2020-05-16 18:10:10.458779+00:00,1787,0
wasm-bindgen-shared,151714202,25094583,2025-01-12T23:13:03.383484Z,2018-03-06T04:18:13.413080Z,0.2.100,"Shared support between wasm-bindgen and wasm-bindgen cli, an internal
dependency.
",https://github.com/rustwasm/wasm-bindgen/tree/master/crates/shared,,,,,0.16540694720195015,2025-01-12 23:13:03.383484+00:00,85,2018-03-06 04:18:13.413080+00:00,2590,1
utf8parse,151660067,34844263,2024-06-08T07:07:41.813419Z,2016-09-18T00:27:10.771511Z,0.2.2,Table-driven UTF-8 parser,https://github.com/alacritty/vte,260,65,9,Apache License 2.0,0.22975239091777536,2024-06-08 07:07:41.813419+00:00,304,2016-09-18 00:27:10.771511+00:00,3124,0
winapi-x86_64-pc-windows-gnu,150719641,21511469,2018-01-18T00:55:12.008307Z,2016-11-23T19:48:47.829720Z,0.4.0,"Import libraries for the x86_64-pc-windows-gnu target. Please don't use this crate directly, depend on winapi instead.",https://github.com/retep998/winapi-rs,1870,393,277,Apache License 2.0,0.1427250546595981,2018-01-18 00:55:12.008307+00:00,2637,2016-11-23 19:48:47.829720+00:00,3057,0
siphasher,150432743,28187802,2024-03-17T21:59:01.698376Z,2016-10-04T10:23:48.249538Z,1.0.1,"SipHash-2-4, SipHash-1-3 and 128-bit variants in pure Rust",https://github.com/jedisct1/rust-siphash,62,16,0,Other,0.1873781029173948,2024-03-17 21:59:01.698376+00:00,386,2016-10-04 10:23:48.249538+00:00,3108,0
bstr,150394556,24131578,2025-04-08T16:37:00.152093Z,2018-10-09T22:14:04.467612Z,1.12.0,A string type that is not required to be valid UTF-8.,https://github.com/BurntSushi/bstr,905,62,25,Other,0.16045512977211754,2025-04-08 16:37:00.152093+00:00,0,2018-10-09 22:14:04.467612+00:00,2372,0
winapi-i686-pc-windows-gnu,149599004,21417987,2018-01-18T00:55:38.910834Z,2016-11-23T19:48:14.544324Z,0.4.0,"Import libraries for the i686-pc-windows-gnu target. Please don't use this crate directly, depend on winapi instead.",https://github.com/retep998/winapi-rs,1870,393,277,Apache License 2.0,0.14316931548554962,2018-01-18 00:55:38.910834+00:00,2637,2016-11-23 19:48:14.544324+00:00,3057,0
sha1,149329116,25935825,2025-03-05T21:17:46.043315Z,2014-11-21T12:56:35.586016Z,0.11.0-pre.5,SHA-1 hash function,https://github.com/RustCrypto/hashes,1997,269,26,,0.17368230452793948,2025-03-05 21:17:46.043315+00:00,33,2014-11-21 12:56:35.586016+00:00,3791,0
petgraph,149095993,26021240,2025-04-07T09:58:12.070960Z,2015-01-11T20:07:47.311473Z,0.8.1,Graph data structure library. Provides graph types and graph algorithms.,https://github.com/petgraph/petgraph,3237,366,221,Apache License 2.0,0.17452675606111023,2025-04-07 09:58:12.070960+00:00,1,2015-01-11 20:07:47.311473+00:00,3739,0
fixedbitset,148369424,26212650,2024-04-14T23:53:05.918820Z,2015-04-03T11:26:51.825003Z,0.5.7,FixedBitSet is a simple bitset collection,https://github.com/petgraph/fixedbitset,134,48,12,Apache License 2.0,0.17667150881437674,2024-04-14 23:53:05.918820+00:00,358,2015-04-03 11:26:51.825003+00:00,3658,0
tower,148052289,40893539,2024-12-11T13:26:44.329531Z,2016-12-23T17:20:31.319203Z,0.5.2,"Tower is a library of modular and reusable components for building robust
clients and servers.
",https://github.com/tower-rs/tower,3742,292,83,MIT License,0.2762101097943849,2024-12-11 13:26:44.329531+00:00,118,2016-12-23 17:20:31.319203+00:00,3028,0
anstream,147841173,36014724,2024-11-04T18:02:39.562359Z,2023-03-16T14:54:31.795594Z,0.6.18,A simple cross platform library for writing colored text to a terminal.,https://github.com/rust-cli/anstyle,131,24,14,Other,0.24360415484528117,2024-11-04 18:02:39.562359+00:00,154,2023-03-16 14:54:31.795594+00:00,754,0
sct,147840454,15977816,2023-10-24T14:57:55.376462Z,2017-07-09T19:54:37.366366Z,0.7.1,Certificate transparency SCT verification library,https://github.com/rustls/sct.rs,51,40,0,Other,0.1080747222272464,2023-10-24 14:57:55.376462+00:00,532,2017-07-09 19:54:37.366366+00:00,2829,0
toml_datetime,146797010,33896539,2024-07-30T13:56:51.275733Z,2022-10-21T16:38:58.820519Z,0.6.8,A TOML-compatible datetime type,https://github.com/toml-rs/toml,800,117,81,Apache License 2.0,0.23090755731332674,2024-07-30 13:56:51.275733+00:00,252,2022-10-21 16:38:58.820519+00:00,900,0
anstyle-parse,145441883,35601246,2024-10-24T20:00:25.445841Z,2023-03-08T21:17:13.852775Z,0.2.6,Parse ANSI Style Escapes,https://github.com/rust-cli/anstyle,131,24,14,Other,0.24477987540906632,2024-10-24 20:00:25.445841+00:00,165,2023-03-08 21:17:13.852775+00:00,761,0
tokio-stream,144641132,24867607,2024-12-06T10:20:07.445232Z,2020-12-03T23:05:27.160680Z,0.1.17,"Utilities to work with `Stream` and `tokio`.
",https://github.com/tokio-rs/tokio,28291,2593,344,MIT License,0.17192624709270113,2024-12-06 10:20:07.445232+00:00,123,2020-12-03 23:05:27.160680+00:00,1586,0
vcpkg,143924889,26808426,2021-06-19T16:35:46.573605Z,2017-04-20T21:35:56.630487Z,0.2.15,"A library to find native dependencies in a vcpkg tree at build
time in order to be used in Cargo build scripts.
",https://github.com/mcgoo/vcpkg-rs,108,24,12,Apache License 2.0,0.1862667825298792,2021-06-19 16:35:46.573605+00:00,1389,2017-04-20 21:35:56.630487+00:00,2909,0
convert_case,143528211,27005701,2025-02-26T21:04:43.219122Z,2020-04-17T00:48:33.267470Z,0.8.0,Convert strings into any case,https://github.com/rutrum/convert-case,139,10,4,MIT License,0.18815604829074334,2025-02-26 21:04:43.219122+00:00,40,2020-04-17 00:48:33.267470+00:00,1817,0
anstyle-query,140391327,35499493,2024-10-24T20:00:29.222156Z,2023-04-13T14:40:53.104785Z,1.1.2,Look up colored console capabilities,https://github.com/rust-cli/anstyle,131,24,14,Other,0.25286101184868776,2024-10-24 20:00:29.222156+00:00,165,2023-04-13 14:40:53.104785+00:00,726,0
js-sys,140271034,23671844,2025-01-12T23:18:16.405956Z,2018-07-19T19:42:36.874339Z,0.3.77,"Bindings for all JS global objects and functions in all JS environments like
Node.js and browsers, built on `#[wasm_bindgen]` using the `wasm-bindgen` crate.
",https://github.com/rustwasm/wasm-bindgen/tree/master/crates/js-sys,,,,,0.1687578919536588,2025-01-12 23:18:16.405956+00:00,85,2018-07-19 19:42:36.874339+00:00,2454,1
ident_case,138555276,26443957,2019-03-18T20:07:20.426691Z,2017-05-10T19:51:31.395527Z,1.0.1,Utility for applying case rules to Rust identifiers.,https://github.com/TedDriggs/ident_case,3,0,1,MIT License,0.19085492637609844,2019-03-18 20:07:20.426691+00:00,2212,2017-05-10 19:51:31.395527+00:00,2889,0
ansi_term,137772867,8957297,2019-09-02T10:16:04.908577Z,2014-11-26T00:50:42.101172Z,0.12.1,"Library for ANSI terminal colours and styles (bold, underline)",https://github.com/ogham/rust-ansi-term,467,77,27,MIT License,0.06501495682745718,2019-09-02 10:16:04.908577+00:00,2045,2014-11-26 00:50:42.101172+00:00,3786,0
colorchoice,137703761,35370944,2024-10-24T20:00:36.947622Z,2023-04-13T14:41:28.859123Z,1.0.3,Global override of color control,https://github.com/rust-cli/anstyle,131,24,14,Other,0.2568625848933785,2024-10-24 20:00:36.947622+00:00,165,2023-04-13 14:41:28.859123+00:00,726,0
phf,137373671,25366707,2025-01-06T20:32:46.521816Z,2014-11-22T22:27:53.644783Z,0.11.3,Runtime support for perfect hash function data structures,https://github.com/rust-phf/rust-phf,1910,122,31,MIT License,0.18465479458578346,2025-01-06 20:32:46.521816+00:00,91,2014-11-22 22:27:53.644783+00:00,3789,0
half,136958756,29152543,2025-04-08T04:50:59.620770Z,2016-03-18T05:04:29.255020Z,2.6.0,Half-precision floating point f16 and bf16 types for Rust implementing the IEEE 754-2008 standard binary16 and bfloat16 types.,https://github.com/VoidStarKat/half-rs,247,59,17,Apache License 2.0,0.21285636531336485,2025-04-08 04:50:59.620770+00:00,0,2016-03-18 05:04:29.255020+00:00,3308,0
matchers,136958431,25085283,2024-07-01T22:20:07.033866Z,2019-08-02T20:31:26.476346Z,0.2.0,"Regex matching on character and byte streams.
",https://github.com/hawkw/matchers,11,8,4,MIT License,0.18315983044519546,2024-07-01 22:20:07.033866+00:00,280,2019-08-02 20:31:26.476346+00:00,2075,0
unicase,135635968,20370458,2024-12-24T15:31:12.424515Z,2015-01-09T20:05:24.122027Z,2.8.1,A case-insensitive wrapper around strings.,https://github.com/seanmonstar/unicase,80,51,14,Apache License 2.0,0.150184779895551,2024-12-24 15:31:12.424515+00:00,105,2015-01-09 20:05:24.122027+00:00,3741,0
num-rational,134290497,22403129,2025-01-25T00:45:16.565243Z,2016-04-14T07:42:39.085844Z,0.4.2,Rational numbers implementation for Rust,https://github.com/rust-num/num-rational,146,57,32,Apache License 2.0,0.16682587003903931,2025-01-25 00:45:16.565243+00:00,73,2016-04-14 07:42:39.085844+00:00,3281,0
prost-types,133493105,28405186,2025-02-12T06:59:33.702587Z,2017-09-10T19:19:37.407643Z,0.13.5,Prost definitions of Protocol Buffers well known types.,https://github.com/tokio-rs/prost,4190,533,213,Apache License 2.0,0.21278391869003271,2025-02-12 06:59:33.702587+00:00,55,2017-09-10 19:19:37.407643+00:00,2766,0
native-tls,133452090,20329676,2025-02-19T19:24:27.427135Z,2016-11-09T21:07:37.761548Z,0.2.14,A wrapper over a platform's native TLS implementation,https://github.com/sfackler/rust-native-tls,503,209,68,Apache License 2.0,0.1523368873428659,2025-02-19 19:24:27.427135+00:00,47,2016-11-09 21:07:37.761548+00:00,3071,0
synstructure,131845206,35166655,2024-01-30T23:45:23.197015Z,2016-10-09T17:25:06.828782Z,0.13.1,Helper methods and macros for custom derives,https://github.com/mystor/synstructure,139,26,12,MIT License,0.26672683874451986,2024-01-30 23:45:23.197015+00:00,433,2016-10-09 17:25:06.828782+00:00,3103,0
hyper-tls,131000505,22122384,2023-11-27T19:18:29.702911Z,2017-01-04T22:41:13.366514Z,0.6.0,Default TLS implementation for use with hyper,https://github.com/hyperium/hyper-tls,193,97,9,Apache License 2.0,0.16887250930826564,2023-11-27 19:18:29.702911+00:00,497,2017-01-04 22:41:13.366514+00:00,3015,0
phf_generator,129960961,24294765,2025-01-06T20:30:28.955489Z,2015-02-22T20:48:14.120861Z,0.11.3,PHF generation logic,https://github.com/rust-phf/rust-phf,1910,122,31,MIT License,0.18693894545762862,2025-01-06 20:30:28.955489+00:00,91,2015-02-22 20:48:14.120861+00:00,3697,0
nu-ansi-term,129378221,28563270,2024-07-23T22:20:55.095113Z,2021-03-09T18:58:03.243547Z,0.50.1,"Library for ANSI terminal colors and styles (bold, underline)",https://github.com/nushell/nu-ansi-term,50,20,2,MIT License,0.22077340203959056,2024-07-23 22:20:55.095113+00:00,258,2021-03-09 18:58:03.243547+00:00,1490,0
winapi-util,128357685,19945075,2024-08-02T21:18:26.472826Z,2018-08-25T02:49:16.521473Z,0.1.9,A dumping ground for high level safe wrappers over windows-sys.,https://github.com/BurntSushi/winapi-util,71,15,5,The Unlicense,0.1553866837034339,2024-08-02 21:18:26.472826+00:00,248,2018-08-25 02:49:16.521473+00:00,2418,0
tower-layer,128084737,26330558,2024-08-13T16:53:54.096608Z,2019-04-27T05:09:34.746381Z,0.3.3,"Decorates a `Service` to allow easy composition between `Service`s.
",https://github.com/tower-rs/tower,3742,292,83,MIT License,0.20557139450581063,2024-08-13 16:53:54.096608+00:00,238,2019-04-27 05:09:34.746381+00:00,2173,0
rustls-native-certs,127912494,27890350,2024-11-21T15:42:54.624993Z,2019-11-04T21:10:51.429223Z,0.8.1,rustls-native-certs allows rustls to use the platform native certificate store,https://github.com/rustls/rustls-native-certs,211,59,2,Other,0.21804242203267493,2024-11-21 15:42:54.624993+00:00,138,2019-11-04 21:10:51.429223+00:00,1981,0
is-terminal,127661442,24108458,2025-03-07T04:26:17.164605Z,2022-01-22T02:08:49.649286Z,0.4.16,Test whether a given stream is a terminal,https://github.com/sunfishcode/is-terminal,49,18,0,MIT License,0.18884682502646336,2025-03-07 04:26:17.164605+00:00,32,2022-01-22 02:08:49.649286+00:00,1172,0
bindgen,126470411,23910169,2024-12-09T15:28:33.905852Z,2014-11-21T10:14:40.304798Z,0.71.1,Automatically generates Rust FFI bindings to C and C++ libraries.,https://github.com/rust-lang/rust-bindgen,4731,736,517,"BSD 3-Clause ""New"" or ""Revised"" License",0.18905741517674043,2024-12-09 15:28:33.905852+00:00,120,2014-11-21 10:14:40.304798+00:00,3791,0
libm,125850951,25326114,2024-10-28T23:34:17.848955Z,2018-07-14T00:41:38.320191Z,0.2.11,libm in pure Rust,https://github.com/rust-lang/libm,626,104,47,Other,0.20123895607272765,2024-10-28 23:34:17.848955+00:00,161,2018-07-14 00:41:38.320191+00:00,2460,0
ordered-float,125759032,22111951,2025-02-17T23:54:22.687988Z,2014-11-11T06:37:25.077211Z,5.0.0,Wrappers for total ordering on floats,https://github.com/reem/rust-ordered-float,270,70,11,MIT License,0.17582793576210096,2025-02-17 23:54:22.687988+00:00,49,2014-11-11 06:37:25.077211+00:00,3801,0
stable_deref_trait,125516892,31666977,2020-07-13T00:17:49.061392Z,2017-03-09T00:11:41.776380Z,1.2.0,"An unsafe marker trait for types like Box and Rc that dereference to a stable address even when moved, and hence can be used with libraries such as owning_ref and rental.
",https://github.com/storyyeller/stable_deref_trait,31,17,6,Apache License 2.0,0.25229255198575185,2020-07-13 00:17:49.061392+00:00,1730,2017-03-09 00:11:41.776380+00:00,2952,0
linked-hash-map,125186389,14182582,2022-06-25T19:52:40.173594Z,2015-03-18T18:42:16.535145Z,0.5.6,A HashMap wrapper that holds key-value pairs in insertion order,https://github.com/contain-rs/linked-hash-map,171,59,8,Apache License 2.0,0.11329172534883165,2022-06-25 19:52:40.173594+00:00,1017,2015-03-18 18:42:16.535145+00:00,3673,0
zstd-safe,124975957,22595331,2025-03-20T14:47:49.625660Z,2017-06-05T01:23:34.324227Z,7.2.4,Safe low-level bindings for the zstd compression library.,https://github.com/gyscos/zstd-rs,558,118,71,MIT License,0.18079742329958715,2025-03-20 14:47:49.625660+00:00,19,2017-06-05 01:23:34.324227+00:00,2864,0
core-foundation-sys,124146821,20853445,2024-08-11T00:48:27.870880Z,2015-10-17T23:55:36.632904Z,0.8.7,Bindings to Core Foundation for macOS,https://github.com/servo/core-foundation-rs,1090,229,110,Other,0.16797405549353536,2024-08-11 00:48:27.870880+00:00,240,2015-10-17 23:55:36.632904+00:00,3460,0
zstd,123792780,22431792,2025-02-20T21:43:13.047065Z,2016-02-22T19:09:34.558501Z,0.13.3,Binding for the zstd compression library.,https://github.com/gyscos/zstd-rs,558,118,71,MIT License,0.18120436426098518,2025-02-20 21:43:13.047065+00:00,46,2016-02-22 19:09:34.558501+00:00,3332,0
deranged,122085673,32195793,2025-03-23T20:25:41.702180Z,2020-12-10T09:24:35.476288Z,0.4.0,Ranged integers,https://github.com/jhpratt/deranged,45,6,1,Apache License 2.0,0.26371475218062645,2025-03-23 20:25:41.702180+00:00,15,2020-12-10 09:24:35.476288+00:00,1580,0
derive_more,121190142,24590019,2025-02-03T20:18:01.121847Z,2016-03-28T22:50:21.567980Z,2.0.1,Adds #[derive(x)] macros for more traits,https://github.com/JelteF/derive_more,1867,129,73,MIT License,0.20290444910940034,2025-02-03 20:18:01.121847+00:00,63,2016-03-28 22:50:21.567980+00:00,3297,0
filetime,121144626,18117482,2024-08-27T20:41:13.398704Z,2015-05-04T23:11:08.402484Z,0.2.25,"Platform-agnostic accessors of timestamps in File metadata
",https://github.com/alexcrichton/filetime,122,60,12,Apache License 2.0,0.14955250264258524,2024-08-27 20:41:13.398704+00:00,223,2015-05-04 23:11:08.402484+00:00,3626,0
prettyplease,120792450,26849852,2025-04-04T22:32:28.491214Z,2022-01-04T17:24:55.368876Z,0.2.32,A minimal `syn` syntax tree pretty-printer,https://github.com/dtolnay/prettyplease,679,32,5,Apache License 2.0,0.22228087930992377,2025-04-04 22:32:28.491214+00:00,3,2022-01-04 17:24:55.368876+00:00,1190,0
num-iter,120294796,21158463,2024-05-04T00:23:07.912201Z,2016-04-14T07:38:23.772296Z,0.1.45,External iterators for generic mathematics,https://github.com/rust-num/num-iter,25,10,1,Apache License 2.0,0.17588843161594456,2024-05-04 00:23:07.912201+00:00,339,2016-04-14 07:38:23.772296+00:00,3281,0
num-complex,120035681,20877391,2025-01-25T00:38:03.406755Z,2016-04-14T07:30:01.269978Z,0.4.6,Complex numbers implementation for Rust,https://github.com/rust-num/num-complex,237,53,22,Apache License 2.0,0.17392654272524183,2025-01-25 00:38:03.406755+00:00,73,2016-04-14 07:30:01.269978+00:00,3281,0
matches,118629487,6822042,2023-01-21T21:21:50.529117Z,2014-12-04T18:37:50.953491Z,0.1.10,"A macro to evaluate, as a boolean, whether an expression matches a pattern.",https://github.com/SimonSapin/rust-std-candidates,89,12,2,MIT License,0.05750713564157957,2023-01-21 21:21:50.529117+00:00,807,2014-12-04 18:37:50.953491+00:00,3777,0
web-sys,118348792,19741243,2025-01-12T23:18:43.343315Z,2018-07-19T19:42:48.824097Z,0.3.77,"Bindings for all Web APIs, a procedurally generated crate from WebIDL
",https://github.com/rustwasm/wasm-bindgen/tree/master/crates/web-sys,,,,,0.16680561471214678,2025-01-12 23:18:43.343315+00:00,85,2018-07-19 19:42:48.824097+00:00,2454,1
overload,117159378,25603764,2019-08-10T16:25:33.244486Z,2019-08-06T16:31:47.418402Z,0.1.1,Provides a macro to simplify operator overloading.,https://github.com/danaugrs/overload,16,1,1,MIT License,0.218537896300542,2019-08-10 16:25:33.244486+00:00,2068,2019-08-06 16:31:47.418402+00:00,2072,0
home,115355483,23382351,2024-12-16T15:41:39.426215Z,2017-07-18T23:38:10.759249Z,0.5.11,Shared definitions of home directories.,https://github.com/rust-lang/cargo,13379,2551,1563,Apache License 2.0,0.2026982193815616,2024-12-16 15:41:39.426215+00:00,113,2017-07-18 23:38:10.759249+00:00,2820,0
cipher,115054710,17131196,2025-02-22T19:04:35.531995Z,2015-06-25T05:47:45.505637Z,0.5.0-pre.8,Traits for describing block ciphers and stream ciphers,https://github.com/RustCrypto/traits,641,212,57,,0.14889608604463042,2025-02-22 19:04:35.531995+00:00,44,2015-06-25 05:47:45.505637+00:00,3575,0
pest,113663827,19383493,2025-03-25T06:55:01.914074Z,2016-04-24T09:55:32.814830Z,2.8.0,The Elegant Parser,https://github.com/pest-parser/pest,4862,269,66,Apache License 2.0,0.17053352426713558,2025-03-25 06:55:01.914074+00:00,14,2016-04-24 09:55:32.814830+00:00,3271,0
serde_yaml,113476034,21123675,2024-03-25T00:50:19.759577Z,2016-02-27T06:46:34.205590Z,0.9.34+deprecated,YAML data format for Serde,https://github.com/dtolnay/serde-yaml,987,182,51,Apache License 2.0,0.18615098056740334,2024-03-25 00:50:19.759577+00:00,379,2016-02-27 06:46:34.205590+00:00,3328,0
bit-vec,113206117,24580058,2024-07-16T17:14:52.246887Z,2015-06-03T00:24:01.452515Z,0.8.0,A vector of bits,https://github.com/contain-rs/bit-vec,176,60,39,Apache License 2.0,0.217126588663049,2024-07-16 17:14:52.246887+00:00,266,2015-06-03 00:24:01.452515+00:00,3597,0
axum,112388810,26968261,2025-03-28T16:28:21.427925Z,2021-07-22T13:52:05.710239Z,0.8.3,Web framework that focuses on ergonomics and modularity,https://github.com/tokio-rs/axum,21107,1145,82,,0.23995503644891336,2025-03-28 16:28:21.427925+00:00,11,2021-07-22 13:52:05.710239+00:00,1356,0
prost-build,112385349,21069985,2025-02-12T06:59:48.725436Z,2017-06-25T07:40:34.848805Z,0.13.5,Generate Prost annotated Rust types from Protocol Buffers files.,https://github.com/tokio-rs/prost,4190,533,213,Apache License 2.0,0.18747981998970345,2025-02-12 06:59:48.725436+00:00,55,2017-06-25 07:40:34.848805+00:00,2844,0
zstd-sys,111281971,20519846,2025-03-20T14:47:34.266906Z,2017-03-24T19:18:12.206468Z,2.0.15+zstd.1.5.7,Low-level bindings for the zstd compression library.,https://github.com/gyscos/zstd-rs,558,118,71,MIT License,0.18439506252095408,2025-03-20 14:47:34.266906+00:00,19,2017-03-24 19:18:12.206468+00:00,2936,0
lazycell,110959310,15669014,2020-08-12T01:11:24.894126Z,2016-03-16T03:02:26.011690Z,1.3.0,A library providing a lazily filled Cell struct,https://github.com/indiv0/lazycell,60,17,3,Apache License 2.0,0.14121405405278745,2020-08-12 01:11:24.894126+00:00,1700,2016-03-16 03:02:26.011690+00:00,3310,0
axum-core,110797311,26868129,2025-03-28T16:28:00.340262Z,2021-08-21T16:52:01.594341Z,0.5.2,Core types and traits for axum,https://github.com/tokio-rs/axum,21107,1145,82,,0.2424980241623373,2025-03-28 16:28:00.340262+00:00,11,2021-08-21 16:52:01.594341+00:00,1326,0
der,110644903,28019779,2024-08-18T19:37:31.061995Z,2020-12-17T19:20:36.976898Z,0.8.0-rc.1,"Pure Rust embedded-friendly implementation of the Distinguished Encoding Rules
(DER) for Abstract Syntax Notation One (ASN.1) as described in ITU X.690 with
full support for heapless no_std targets
",https://github.com/RustCrypto/formats,266,142,60,,0.2532405762965873,2024-08-18 19:37:31.061995+00:00,232,2020-12-17 19:20:36.976898+00:00,1572,0
dashmap,110536931,19507994,2025-03-05T17:04:26.384140Z,2019-08-25T18:22:12.397782Z,7.0.0-rc2,Blazing fast concurrent HashMap for Rust.,https://github.com/xacrimon/dashmap,3351,159,53,MIT License,0.17648394815665724,2025-03-05 17:04:26.384140+00:00,34,2019-08-25 18:22:12.397782+00:00,2052,0
signature,110526308,23245395,2025-02-20T09:23:30.867051Z,2018-10-30T23:56:33.764106Z,2.3.0-pre.6,"Traits for cryptographic signature algorithms (e.g. ECDSA, Ed25519)",https://github.com/RustCrypto/traits,641,212,57,,0.21031549339366334,2025-02-20 09:23:30.867051+00:00,47,2018-10-30 23:56:33.764106+00:00,2351,0
crossbeam-queue,110316917,14708002,2024-12-15T15:26:54.563210Z,2018-09-08T19:05:07.396126Z,0.3.12,Concurrent queues,https://github.com/crossbeam-rs/crossbeam,7772,485,150,Apache License 2.0,0.13332499130663705,2024-12-15 15:26:54.563210+00:00,114,2018-09-08 19:05:07.396126+00:00,2403,0
semver-parser,109250454,9275066,2024-11-18T23:14:40.706078Z,2016-05-12T00:45:58.800365Z,0.10.3,"Parsing of the semver spec.
",https://github.com/steveklabnik/semver-parser,35,24,0,Other,0.0848972764909517,2024-11-18 23:14:40.706078+00:00,140,2016-05-12 00:45:58.800365+00:00,3253,0
tokio-native-tls,109090182,18333414,2023-02-07T17:08:45.567482Z,2020-04-03T14:28:46.429426Z,0.3.1,"An implementation of TLS/SSL streams for Tokio using native-tls giving an implementation of TLS
for nonblocking I/O streams.
",https://github.com/tokio-rs/tls,256,87,24,MIT License,0.16805741510267166,2023-02-07 17:08:45.567482+00:00,791,2020-04-03 14:28:46.429426+00:00,1831,0
async-channel,108610291,24100669,2024-05-16T01:34:44.810872Z,2019-05-06T13:07:43.086764Z,2.3.1,Async multi-producer multi-consumer channel,https://github.com/smol-rs/async-channel,843,45,15,Apache License 2.0,0.22190041825778736,2024-05-16 01:34:44.810872+00:00,327,2019-05-06 13:07:43.086764+00:00,2164,0
futures-lite,108291730,22904559,2025-01-12T02:31:27.608134Z,2020-05-31T09:53:26.285174Z,2.6.0,"Futures, streams, and async I/O combinators",https://github.com/smol-rs/futures-lite,500,30,14,Apache License 2.0,0.21150792401229532,2025-01-12 02:31:27.608134+00:00,86,2020-05-31 09:53:26.285174+00:00,1773,0
async-stream,108085813,20495817,2024-10-01T19:36:32.827442Z,2019-06-07T03:31:34.275797Z,0.3.6,Asynchronous streams using async & await notation,https://github.com/tokio-rs/async-stream,671,35,17,Other,0.18962541365165103,2024-10-01 19:36:32.827442+00:00,188,2019-06-07 03:31:34.275797+00:00,2132,0
data-encoding,108040191,21687550,2025-02-09T10:55:07.032768Z,2015-12-05T14:17:01.338342Z,2.8.0,"Efficient and customizable data-encoding functions like base64, base32, and hex",https://github.com/ia0/data-encoding,184,28,6,MIT License,0.20073594649605905,2025-02-09 10:55:07.032768+00:00,58,2015-12-05 14:17:01.338342+00:00,3412,0
tonic,107982427,21421127,2025-03-25T19:14:06.433343Z,2018-07-18T06:55:22.955614Z,0.13.0,"A gRPC over HTTP/2 implementation focused on high performance, interoperability, and flexibility.
",https://github.com/hyperium/tonic,10723,1061,293,MIT License,0.1983760468728861,2025-03-25 19:14:06.433343+00:00,13,2018-07-18 06:55:22.955614+00:00,2456,0
bincode,107961026,16409826,2025-03-10T18:28:08.334006Z,2014-11-20T20:03:47.604153Z,2.0.1,A binary serialization / deserialization strategy for transforming structs into bytes and vice versa!,https://github.com/bincode-org/bincode,2944,283,30,MIT License,0.15199768479414044,2025-03-10 18:28:08.334006+00:00,28,2014-11-20 20:03:47.604153+00:00,3791,0
